ACEM Sensor,SLAVE DEVICE FAULT,Battery run hours,389.38,TDG0557,Battery Meter (RH),364.26,25.12,6.45%,TRUE
DCEM Sensor,SLAVE DEVICE FAULT,DG 1 Energy,0,TDG0557,DG (KWH),0,0,0.00%,TRUE
GCU Sensor,SLAVE DEVICE FAULT,DG 1 Run Hour,0,TDG0557,DG Meter (RH),0,0,0.00%,TRUE
Solar Sensor,SLAVE DEVICE FAULT,Tenant-1 Energy,1382.06,TDG0557,DC Energy (KWH),1328.62,53.44,3.87%,TRUE
System Controller Sensor,OK,Grid Run Hour,0,TDG0557,CP Meter (RH),0,0,0.00%,TRUE
Fuel Sensor,SLAVE DEVICE FAULT,,,TDG0557,,,,,
Li_Battery Sensor,SLAVE DEVICE FAULT,,,TDG0557,,,,,
