ACEM Sensor,SLAVE DEVICE FAULT,Battery run hours,46.65,TDG0474,Battery Meter (RH),37.99,8.66,18.56%,FALSE
DCEM Sensor,SLAVE DEVICE FAULT,DG 1 Energy,0,TDG0474,DG (KWH),0,0,0.00%,TRUE
GCU Sensor,SLAVE DEVICE FAULT,DG 1 Run Hour,0,TDG0474,DG Meter (RH),0,0,0.00%,TRUE
Solar Sensor,SLAVE DEVICE FAULT,Tenant-1 Energy,1172.97,TDG0474,DC Energy (KWH),1073.53,99.44,8.48%,TRUE
System Controller Sensor,OK,Grid Run Hour,0,TDG0474,CP Meter (RH),0,0,0.00%,TRUE
Fuel Sensor,SLAVE DEVICE FAULT,,,TDG0474,,,,,
Li_Battery Sensor,SLAVE DEVICE FAULT,,,TDG0474,,,,,
