ACEM Sensor,OK,Battery run hours,0,TDG0985,Battery Meter (RH),0,0,0.00%,TRUE
DCEM Sensor,SLAVE DEVICE FAULT,DG 1 Energy,807.5,TDG0985,DG (KWH),806.8,0.7,0.09%,TRUE
GCU Sensor,SLAVE DEVICE FAULT,DG 1 Run Hour,113.28,TDG0985,DG Meter (RH),113.06,0.22,0.19%,TRUE
Solar Sensor,SLAVE DEVICE FAULT,Tenant-1 Energy,0,TDG0985,DC Energy (KWH),0,0,0.00%,TRUE
System Controller Sensor,SLAVE DEVICE FAULT,Grid Run Hour,0.04,TDG0985,CP Meter (RH),0.04,0,0.00%,TRUE
Fuel Sensor,SLAVE DEVICE FAULT,,,TDG0985,,,,,
Li_Battery Sensor,SLAVE DEVICE FAULT,,,TDG0985,,,,,
