ACEM Sensor,OK,Battery run hours,0,TDG0501,Battery Meter (RH),0,0,0.00%,TRUE
DCEM Sensor,SLAVE DEVICE FAULT,DG 1 Energy,45800.2,TDG0501,DG (KWH),2977.3,42822.9,93.50%,FALSE
GCU Sensor,SLAVE DEVICE FAULT,DG 1 Run Hour,7116.91,TDG0501,DG Meter (RH),454.16,6662.75,93.62%,FALSE
Solar Sensor,SLAVE DEVICE FAULT,Tenant-1 Energy,2923.51,TDG0501,DC Energy (KWH),2792.31,131.2,4.49%,TRUE
System Controller Sensor,OK,Grid Run Hour,1.27,TDG0501,CP Meter (RH),0.1,1.17,92.13%,FALSE
Fuel Sensor,SLAVE DEVICE FAULT,,,TDG0501,,,,,
Li_Battery Sensor,SLAVE DEVICE FAULT,,,TDG0501,,,,,
