ACEM Sensor,SLAVE DEVICE FAULT,Battery run hours,334.53,TDG0130,Battery Meter (RH),320.83,13.7,4.10%,TRUE
DCEM Sensor,SLAVE DEVICE FAULT,DG 1 Energy,2641.6,TDG0130,DG (KWH),2486.1,155.5,5.89%,TRUE
GCU Sensor,SLAVE DEVICE FAULT,DG 1 Run Hour,404.05,TDG0130,DG Meter (RH),381.94,22.11,5.47%,TRUE
Solar Sensor,SLAVE DEVICE FAULT,Tenant-1 Energy,2505.49,TDG0130,DC Energy (KWH),2395.67,109.82,4.38%,TRUE
System Controller Sensor,OK,Grid Run Hour,0.06,TDG0130,CP Meter (RH),0.06,0,0.00%,TRUE
Fuel Sensor,SLAVE DEVICE FAULT,,,TDG0130,,,,,
Li_Battery Sensor,SLAVE DEVICE FAULT,,,TDG0130,,,,,
