ACEM Sensor,OK,Battery run hours,354.83,TDG0459,Battery Meter (RH),337.13,17.7,4.99%,TRUE
DCEM Sensor,SLAVE DEVICE FAULT,DG 1 Energy,0,TDG0459,DG (KWH),0,0,0.00%,TRUE
GCU Sensor,SLAVE DEVICE FAULT,DG 1 Run Hour,0,TDG0459,DG Meter (RH),0,0,0.00%,TRUE
Solar Sensor,SLAVE DEVICE FAULT,Tenant-1 Energy,1113.43,TDG0459,DC Energy (KWH),1056.2,57.23,5.14%,TRUE
System Controller Sensor,OK,Grid Run Hour,368.98,TDG0459,CP Meter (RH),346.81,22.17,6.01%,TRUE
Fuel Sensor,SLAVE DEVICE FAULT,,,TDG0459,,,,,
Li_Battery Sensor,SLAVE DEVICE FAULT,,,TDG0459,,,,,
