ACEM Sensor,OK,Battery run hours,292.47,TDG0398,Battery Meter (RH),292.17,0.3,0.10%,TRUE
DCEM Sensor,OK,DG 1 Energy,2057,TDG0398,DG (KWH),2054.1,2.9,0.14%,TRUE
GCU Sensor,SLAVE DEVICE FAULT,DG 1 Run Hour,446.35,TDG0398,DG Meter (RH),445.56,0.79,0.18%,TRUE
Solar Sensor,OK,Tenant-1 Energy,1850.42,TDG0398,DC Energy (KWH),1848.51,1.91,0.10%,TRUE
System Controller Sensor,OK,Grid Run Hour,0.07,TDG0398,CP Meter (RH),0.07,0,0.00%,TRUE
Fuel Sensor,OK,,,TDG0398,,,,,
Li_Battery Sensor,OK,,,TDG0398,,,,,
