ACEM Sensor,OK,Battery run hours,405.56,TDG0676,Battery Meter (RH),404.94,0.62,0.15%,TRUE
DCEM Sensor,OK,DG 1 Energy,2816.1,TDG0676,DG (KWH),2812.7,3.4,0.12%,TRUE
GCU Sensor,SLAVE DEVICE FAULT,DG 1 Run Hour,334.46,TDG0676,DG Meter (RH),334.09,0.37,0.11%,TRUE
Solar Sensor,OK,Tenant-1 Energy,2530.21,TDG0676,DC Energy (KWH),2530.21,0,0.00%,TRUE
System Controller Sensor,OK,Grid Run Hour,0.13,TDG0676,CP Meter (RH),0.13,0,0.00%,TRUE
Fuel Sensor,OK,,,TDG0676,,,,,
Li_Battery Sensor,OK,,,TDG0676,,,,,
