ACEM Sensor,OK,Battery run hours,248.18,TDG0293,Battery Meter (RH),247.66,0.52,0.21%,TRUE
DCEM Sensor,OK,DG 1 Energy,2652.2,TDG0293,DG (KWH),2647.6,4.6,0.17%,TRUE
GCU Sensor,SLAVE DEVICE FAULT,DG 1 Run Hour,492.57,TDG0293,DG Meter (RH),491.99,0.58,0.12%,TRUE
Solar Sensor,OK,Tenant-1 Energy,2463.51,TDG0293,DC Energy (KWH),2462.44,1.07,0.04%,TRUE
System Controller Sensor,OK,Grid Run Hour,0.02,TDG0293,CP Meter (RH),0.02,0,0.00%,TRUE
Fuel Sensor,OK,,,TDG0293,,,,,
Li_Battery Sensor,OK,,,TDG0293,,,,,
