ACEM Sensor,SLAVE DEVICE FAULT,Battery run hours,381.61,TDG0441,Battery Meter (RH),370.89,10.72,2.81%,TRUE
DCEM Sensor,SLAVE DEVICE FAULT,DG 1 Energy,2824.4,TDG0441,DG (KWH),2787.1,37.3,1.32%,TRUE
GCU Sensor,SLAVE DEVICE FAULT,DG 1 Run Hour,357.11,TDG0441,DG Meter (RH),352.79,4.32,1.21%,TRUE
Solar Sensor,SLAVE DEVICE FAULT,Tenant-1 Energy,2571.72,TDG0441,DC Energy (KWH),2520.52,51.2,1.99%,TRUE
System Controller Sensor,OK,Grid Run Hour,0.03,TDG0441,CP Meter (RH),0.03,0,0.00%,TRUE
Fuel Sensor,SLAVE DEVICE FAULT,,,TDG0441,,,,,
Li_Battery Sensor,SLAVE DEVICE FAULT,,,TDG0441,,,,,
