ACEM Sensor,OK,Battery run hours,0,TDG0999,Battery Meter (RH),0,0,0.00%,TRUE
DCEM Sensor,OK,DG 1 Energy,1888.6,TDG0999,DG (KWH),1885.4,3.2,0.17%,TRUE
GCU Sensor,SLAVE DEVICE FAULT,DG 1 Run Hour,653.57,TDG0999,DG Meter (RH),652.51,1.06,0.16%,TRUE
Solar Sensor,OK,Tenant-1 Energy,1719.92,TDG0999,DC Energy (KWH),1719.23,0.69,0.04%,TRUE
System Controller Sensor,OK,Grid Run Hour,0.02,TDG0999,CP Meter (RH),0.02,0,0.00%,TRUE
Fuel Sensor,OK,,,TDG0999,,,,,
Li_Battery Sensor,SLAVE DEVICE FAULT,,,TDG0999,,,,,
