ACEM Sensor,OK,Battery run hours,234.84,TDG0442,Battery Meter (RH),234.57,0.27,0.11%,TRUE
DCEM Sensor,OK,DG 1 Energy,6488.9,TDG0442,DG (KWH),6480.99,7.91,0.12%,TRUE
GCU Sensor,SLAVE DEVICE FAULT,DG 1 Run Hour,493.41,TDG0442,DG Meter (RH),492.81,0.6,0.12%,TRUE
Solar Sensor,OK,Tenant-1 Energy,5790.12,TDG0442,DC Energy (KWH),5777.82,12.3,0.21%,TRUE
System Controller Sensor,OK,Grid Run Hour,0.07,TDG0442,CP Meter (RH),0.07,0,0.00%,TRUE
Fuel Sensor,OK,,,TDG0442,,,,,
Li_Battery Sensor,OK,,,TDG0442,,,,,
