ACEM Sensor,OK,Battery run hours,118.35,TDG0369,Battery Meter (RH),118.17,0.18,0.15%,TRUE
DCEM Sensor,OK,DG 1 Energy,3225.4,TDG0369,DG (KWH),3221.5,3.9,0.12%,TRUE
GCU Sensor,SLAVE DEVICE FAULT,DG 1 Run Hour,623.7,TDG0369,DG Meter (RH),622.89,0.81,0.13%,TRUE
Solar Sensor,OK,Tenant-1 Energy,5317.81,TDG0369,DC Energy (KWH),5307.43,10.38,0.20%,TRUE
System Controller Sensor,OK,Grid Run Hour,0.01,TDG0369,CP Meter (RH),0.01,0,0.00%,TRUE
Fuel Sensor,OK,,,TDG0369,,,,,
Li_Battery Sensor,SLAVE DEVICE FAULT,,,TDG0369,,,,,
