ACEM Sensor,OK,Battery run hours,297.15,TDG0291,Battery Meter (RH),296.78,0.37,0.12%,TRUE
DCEM Sensor,OK,DG 1 Energy,2929.2,TDG0291,DG (KWH),2925.6,3.6,0.12%,TRUE
GCU Sensor,SLAVE DEVICE FAULT,DG 1 Run Hour,441.12,TDG0291,DG Meter (RH),440.59,0.53,0.12%,TRUE
Solar Sensor,OK,Tenant-1 Energy,2771.36,TDG0291,DC Energy (KWH),2768.82,2.54,0.09%,TRUE
System Controller Sensor,OK,Grid Run Hour,0.02,TDG0291,CP Meter (RH),0.02,0,0.00%,TRUE
Fuel Sensor,OK,,,TDG0291,,,,,
Li_Battery Sensor,SLAVE DEVICE FAULT,,,TDG0291,,,,,
