ACEM Sensor,OK,Battery run hours,298.94,TDG0300,Battery Meter (RH),298.52,0.42,0.14%,TRUE
DCEM Sensor,OK,DG 1 Energy,3976,TDG0300,DG (KWH),3970.2,5.8,0.15%,TRUE
GCU Sensor,SLAVE DEVICE FAULT,DG 1 Run Hour,427.22,TDG0300,DG Meter (RH),426.58,0.64,0.15%,TRUE
Solar Sensor,OK,Tenant-1 Energy,3715.02,TDG0300,DC Energy (KWH),3713.54,1.48,0.04%,TRUE
System Controller Sensor,OK,Grid Run Hour,0.03,TDG0300,CP Meter (RH),0.03,0,0.00%,TRUE
Fuel Sensor,OK,,,TDG0300,,,,,
Li_Battery Sensor,OK,,,TDG0300,,,,,
