ACEM Sensor,OK,Battery run hours,307.39,TDG0696,Battery Meter (RH),306.07,1.32,0.43%,TRUE
DCEM Sensor,SLAVE DEVICE FAULT,DG 1 Energy,1333.6,TDG0696,DG (KWH),1331.3,2.3,0.17%,TRUE
GCU Sensor,SLAVE DEVICE FAULT,DG 1 Run Hour,418.84,TDG0696,DG Meter (RH),418.13,0.71,0.17%,TRUE
Solar Sensor,SLAVE DEVICE FAULT,Tenant-1 Energy,1078.94,TDG0696,DC Energy (KWH),1075.55,3.39,0.31%,TRUE
System Controller Sensor,OK,Grid Run Hour,0,TDG0696,CP Meter (RH),0,0,0.00%,TRUE
Fuel Sensor,SLAVE DEVICE FAULT,,,TDG0696,,,,,
Li_Battery Sensor,SLAVE DEVICE FAULT,,,TDG0696,,,,,
