ACEM Sensor,OK,Battery run hours,307.61,TDG0977,Battery Meter (RH),307.22,0.39,0.13%,TRUE
DCEM Sensor,OK,DG 1 Energy,2555.5,TDG0977,DG (KWH),2551.4,4.1,0.16%,TRUE
GCU Sensor,SLAVE DEVICE FAULT,DG 1 Run Hour,417.86,TDG0977,DG Meter (RH),417.24,0.62,0.15%,TRUE
Solar Sensor,OK,Tenant-1 Energy,2328.12,TDG0977,DC Energy (KWH),2202.08,126.04,5.41%,TRUE
System Controller Sensor,OK,Grid Run Hour,0.02,TDG0977,CP Meter (RH),0.02,0,0.00%,TRUE
Fuel Sensor,OK,,,TDG0977,,,,,
Li_Battery Sensor,OK,,,TDG0977,,,,,
