ACEM Sensor,OK,Battery run hours,487.17,TDG0303,Battery Meter (RH),485.74,1.43,0.29%,TRUE
DCEM Sensor,SLAVE DEVICE FAULT,DG 1 Energy,1376.7,TDG0303,DG (KWH),1373.8,2.9,0.21%,TRUE
GCU Sensor,SLAVE DEVICE FAULT,DG 1 Run Hour,233.17,TDG0303,DG Meter (RH),232.68,0.49,0.21%,TRUE
Solar Sensor,SLAVE DEVICE FAULT,Tenant-1 Energy,1187.05,TDG0303,DC Energy (KWH),1183.96,3.09,0.26%,TRUE
System Controller Sensor,OK,Grid Run Hour,0.12,TDG0303,CP Meter (RH),0.12,0,0.00%,TRUE
Fuel Sensor,SLAVE DEVICE FAULT,,,TDG0303,,,,,
Li_Battery Sensor,SLAVE DEVICE FAULT,,,TDG0303,,,,,
