ACEM Sensor,OK,Battery run hours,229.51,TDG0680,Battery Meter (RH),228.91,0.6,0.26%,TRUE
DCEM Sensor,OK,DG 1 Energy,3922.2,TDG0680,DG (KWH),3916.9,5.3,0.14%,TRUE
GCU Sensor,SLAVE DEVICE FAULT,DG 1 Run Hour,452.76,TDG0680,DG Meter (RH),452.19,0.57,0.13%,TRUE
Solar Sensor,OK,Tenant-1 Energy,3613.32,TDG0680,DC Energy (KWH),3606.65,6.67,0.18%,TRUE
System Controller Sensor,OK,Grid Run Hour,0.06,TDG0680,CP Meter (RH),0.06,0,0.00%,TRUE
Fuel Sensor,OK,,,TDG0680,,,,,
Li_Battery Sensor,SLAVE DEVICE FAULT,,,TDG0680,,,,,
