ACEM Sensor,OK,Battery run hours,344.09,TDG0791,Battery Meter (RH),343.25,0.84,0.24%,TRUE
DCEM Sensor,OK,DG 1 Energy,1858.3,TDG0791,DG (KWH),1850.7,7.6,0.41%,TRUE
GCU Sensor,SLAVE DEVICE FAULT,DG 1 Run Hour,397.18,TDG0791,DG Meter (RH),395.24,1.94,0.49%,TRUE
Solar Sensor,OK,Tenant-1 Energy,1767.35,TDG0791,DC Energy (KWH),1763.45,3.9,0.22%,TRUE
System Controller Sensor,OK,Grid Run Hour,488.89,TDG0791,CP Meter (RH),488.89,0,0.00%,TRUE
Fuel Sensor,OK,,,TDG0791,,,,,
Li_Battery Sensor,SLAVE DEVICE FAULT,,,TDG0791,,,,,
