ACEM Sensor,SLAVE DEVICE FAULT,Battery run hours,253.67,TDG0569,Battery Meter (RH),243.92,9.75,3.84%,TRUE
DCEM Sensor,SLAVE DEVICE FAULT,DG 1 Energy,0,TDG0569,DG (KWH),0,0,0.00%,TRUE
GCU Sensor,SLAVE DEVICE FAULT,DG 1 Run Hour,0,TDG0569,DG Meter (RH),0,0,0.00%,TRUE
Solar Sensor,SLAVE DEVICE FAULT,Tenant-1 Energy,1826.76,TDG0569,DC Energy (KWH),1774.36,52.4,2.87%,TRUE
System Controller Sensor,OK,Grid Run Hour,0,TDG0569,CP Meter (RH),0,0,0.00%,TRUE
Fuel Sensor,SLAVE DEVICE FAULT,,,TDG0569,,,,,
Li_Battery Sensor,SLAVE DEVICE FAULT,,,TDG0569,,,,,
