ACEM Sensor,OK,Battery run hours,212.96,TDG0570,Battery Meter (RH),212.14,0.82,0.39%,TRUE
DCEM Sensor,SLAVE DEVICE FAULT,DG 1 Energy,2137.4,TDG0570,DG (KWH),2086.6,50.8,2.38%,TRUE
GCU Sensor,SLAVE DEVICE FAULT,DG 1 Run Hour,479.14,TDG0570,DG Meter (RH),466.74,12.4,2.59%,TRUE
Solar Sensor,SLAVE DEVICE FAULT,Tenant-1 Energy,1918.39,TDG0570,DC Energy (KWH),1861.3,57.09,2.98%,TRUE
System Controller Sensor,OK,Grid Run Hour,0.02,TDG0570,CP Meter (RH),0.02,0,0.00%,TRUE
Fuel Sensor,SLAVE DEVICE FAULT,,,TDG0570,,,,,
Li_Battery Sensor,SLAVE DEVICE FAULT,,,TDG0570,,,,,
