ACEM Sensor,OK,Battery run hours,173.86,TDG0184,Battery Meter (RH),173.53,0.33,0.19%,TRUE
DCEM Sensor,OK,DG 1 Energy,4030,TDG0184,DG (KWH),4024.8,5.2,0.13%,TRUE
GCU Sensor,SLAVE DEVICE FAULT,DG 1 Run Hour,545.9,TDG0184,DG Meter (RH),545.3,0.6,0.11%,TRUE
Solar Sensor,OK,Tenant-1 Energy,10042.6,TDG0184,DC Energy (KWH),10034.35,8.25,0.08%,TRUE
System Controller Sensor,OK,Grid Run Hour,0.2,TDG0184,CP Meter (RH),0.2,0,0.00%,TRUE
Fuel Sensor,OK,,,TDG0184,,,,,
Li_Battery Sensor,OK,,,TDG0184,,,,,
