ACEM Sensor,OK,Battery run hours,0,TDG0715,Battery Meter (RH),0,0,0.00%,TRUE
DCEM Sensor,SLAVE DEVICE FAULT,DG 1 Energy,0,TDG0715,DG (KWH),0,0,0.00%,TRUE
GCU Sensor,SLAVE DEVICE FAULT,DG 1 Run Hour,0,TDG0715,DG Meter (RH),0,0,0.00%,TRUE
Solar Sensor,SLAVE DEVICE FAULT,Tenant-1 Energy,1948.56,TDG0715,DC Energy (KWH),1946.29,2.27,0.12%,TRUE
System Controller Sensor,OK,Grid Run Hour,676.28,TDG0715,CP Meter (RH),675.38,0.9,0.13%,TRUE
Fuel Sensor,SLAVE DEVICE FAULT,,,TDG0715,,,,,
Li_Battery Sensor,SLAVE DEVICE FAULT,,,TDG0715,,,,,
