ACEM Sensor,OK,Battery run hours,179.65,TDG0624,Battery Meter (RH),179.35,0.3,0.17%,TRUE
DCEM Sensor,OK,DG 1 Energy,3543.2,TDG0624,DG (KWH),3539.7,3.5,0.10%,TRUE
GCU Sensor,SLAVE DEVICE FAULT,DG 1 Run Hour,504.18,TDG0624,DG Meter (RH),503.63,0.55,0.11%,TRUE
Solar Sensor,OK,Tenant-1 Energy,3463.7,TDG0624,DC Energy (KWH),3458.18,5.52,0.16%,TRUE
System Controller Sensor,OK,Grid Run Hour,38.75,TDG0624,CP Meter (RH),38.75,0,0.00%,TRUE
Fuel Sensor,OK,,,TDG0624,,,,,
Li_Battery Sensor,OK,,,TDG0624,,,,,
