ACEM Sensor,OK,Battery run hours,232.78,TDG0310,Battery Meter (RH),226.07,6.71,2.88%,TRUE
DCEM Sensor,SLAVE DEVICE FAULT,DG 1 Energy,3470.4,TDG0310,DG (KWH),3339.5,130.9,3.77%,TRUE
GCU Sensor,SLAVE DEVICE FAULT,DG 1 Run Hour,488.32,TDG0310,DG Meter (RH),469.04,19.28,3.95%,TRUE
Solar Sensor,SLAVE DEVICE FAULT,Tenant-1 Energy,3121.95,TDG0310,DC Energy (KWH),3018.73,103.22,3.31%,TRUE
System Controller Sensor,OK,Grid Run Hour,0.13,TDG0310,CP Meter (RH),0.13,0,0.00%,TRUE
Fuel Sensor,SLAVE DEVICE FAULT,,,TDG0310,,,,,
Li_Battery Sensor,SLAVE DEVICE FAULT,,,TDG0310,,,,,
