ACEM Sensor,OK,Battery run hours,44.65,TDG0962,Battery Meter (RH),32.02,12.63,28.29%,FALSE
DCEM Sensor,SLAVE DEVICE FAULT,DG 1 Energy,442.3,TDG0962,DG (KWH),298,144.3,32.62%,FALSE
GCU Sensor,SLAVE DEVICE FAULT,DG 1 Run Hour,63.88,TDG0962,DG Meter (RH),42.57,21.31,33.36%,FALSE
Solar Sensor,SLAVE DEVICE FAULT,Tenant-1 Energy,408.6,TDG0962,DC Energy (KWH),281.34,127.26,31.15%,FALSE
System Controller Sensor,OK,Grid Run Hour,0.03,TDG0962,CP Meter (RH),0,0.03,100.00%,FALSE
Fuel Sensor,SLAVE DEVICE FAULT,,,TDG0962,,,,,
Li_Battery Sensor,SLAVE DEVICE FAULT,,,TDG0962,,,,,
