ACEM Sensor,OK,Battery run hours,246.55,TDG0668,Battery Meter (RH),234.11,12.44,5.05%,TRUE
DCEM Sensor,SLAVE DEVICE FAULT,DG 1 Energy,1811.9,TDG0668,DG (KWH),1725.5,86.4,4.77%,TRUE
GCU Sensor,SLAVE DEVICE FAULT,DG 1 Run Hour,438.45,TDG0668,DG Meter (RH),415.72,22.73,5.18%,TRUE
Solar Sensor,SLAVE DEVICE FAULT,Tenant-1 Energy,1756.3,TDG0668,DC Energy (KWH),1670.46,85.84,4.89%,TRUE
System Controller Sensor,OK,Grid Run Hour,34.89,TDG0668,CP Meter (RH),33.64,1.25,3.58%,TRUE
Fuel Sensor,SLAVE DEVICE FAULT,,,TDG0668,,,,,
Li_Battery Sensor,SLAVE DEVICE FAULT,,,TDG0668,,,,,
