ACEM Sensor,OK,Battery run hours,234.32,TDG0450,Battery Meter (RH),234.19,0.13,0.06%,TRUE
DCEM Sensor,OK,DG 1 Energy,2199.6,TDG0450,DG (KWH),1903,296.6,13.48%,FALSE
GCU Sensor,SLAVE DEVICE FAULT,DG 1 Run Hour,461.52,TDG0450,DG Meter (RH),392.03,69.49,15.06%,FALSE
Solar Sensor,OK,Tenant-1 Energy,2113.19,TDG0450,DC Energy (KWH),1742.41,370.78,17.55%,FALSE
System Controller Sensor,OK,Grid Run Hour,0.04,TDG0450,CP Meter (RH),0.04,0,0.00%,TRUE
Fuel Sensor,OK,,,TDG0450,,,,,
Li_Battery Sensor,OK,,,TDG0450,,,,,
