ACEM Sensor,SLAVE DEVICE FAULT,Battery run hours,0,TDG0687,Battery Meter (RH),0,0,0.00%,TRUE
DCEM Sensor,SLAVE DEVICE FAULT,DG 1 Energy,0,TDG0687,DG (KWH),0,0,0.00%,TRUE
GCU Sensor,SLAVE DEVICE FAULT,DG 1 Run Hour,0,TDG0687,DG Meter (RH),0,0,0.00%,TRUE
Solar Sensor,OK,Tenant-1 Energy,0,TDG0687,DC Energy (KWH),0,0,0.00%,TRUE
System Controller Sensor,SLAVE DEVICE FAULT,Grid Run Hour,0,TDG0687,CP Meter (RH),0,0,0.00%,TRUE
Fuel Sensor,OK,,,TDG0687,,,,,
Li_Battery Sensor,SLAVE DEVICE FAULT,,,TDG0687,,,,,
