ACEM Sensor,SLAVE DEVICE FAULT,Battery run hours,429.71,TDG0926,Battery Meter (RH),400.47,29.24,6.80%,TRUE
DCEM Sensor,SLAVE DEVICE FAULT,DG 1 Energy,913,TDG0926,DG (KWH),807.5,105.5,11.56%,FALSE
GCU Sensor,SLAVE DEVICE FAULT,DG 1 Run Hour,292.48,TDG0926,DG Meter (RH),258.97,33.51,11.46%,FALSE
Solar Sensor,SLAVE DEVICE FAULT,Tenant-1 Energy,777.11,TDG0926,DC Energy (KWH),708.46,68.65,8.83%,TRUE
System Controller Sensor,OK,Grid Run Hour,0.07,TDG0926,CP Meter (RH),0.07,0,0.00%,TRUE
Fuel Sensor,SLAVE DEVICE FAULT,,,TDG0926,,,,,
Li_Battery Sensor,SLAVE DEVICE FAULT,,,TDG0926,,,,,
