ACEM Sensor,OK,Battery run hours,309.71,TDG0503,Battery Meter (RH),309.35,0.36,0.12%,TRUE
DCEM Sensor,SLAVE DEVICE FAULT,DG 1 Energy,212.7,TDG0503,DG (KWH),180,32.7,15.37%,FALSE
GCU Sensor,SLAVE DEVICE FAULT,DG 1 Run Hour,55.95,TDG0503,DG Meter (RH),48.2,7.75,13.85%,FALSE
Solar Sensor,SLAVE DEVICE FAULT,Tenant-1 Energy,1165.66,TDG0503,DC Energy (KWH),1139.87,25.79,2.21%,TRUE
System Controller Sensor,OK,Grid Run Hour,334.97,TDG0503,CP Meter (RH),333.23,1.74,0.52%,TRUE
Fuel Sensor,SLAVE DEVICE FAULT,,,TDG0503,,,,,
Li_Battery Sensor,SLAVE DEVICE FAULT,,,TDG0503,,,,,
