ACEM Sensor,OK,Battery run hours,242.35,TDG0488,Battery Meter (RH),242.12,0.23,0.09%,TRUE
DCEM Sensor,SLAVE DEVICE FAULT,DG 1 Energy,2253.8,TDG0488,DG (KWH),2187.4,66.4,2.95%,TRUE
GCU Sensor,SLAVE DEVICE FAULT,DG 1 Run Hour,480.07,TDG0488,DG Meter (RH),457.44,22.63,4.71%,TRUE
Solar Sensor,SLAVE DEVICE FAULT,Tenant-1 Energy,2087.74,TDG0488,DC Energy (KWH),2029.71,58.03,2.78%,TRUE
System Controller Sensor,OK,Grid Run Hour,0.1,TDG0488,CP Meter (RH),0.1,0,0.00%,TRUE
Fuel Sensor,SLAVE DEVICE FAULT,,,TDG0488,,,,,
Li_Battery Sensor,SLAVE DEVICE FAULT,,,TDG0488,,,,,
