ACEM Sensor,OK,Battery run hours,241.06,TDG0756,Battery Meter (RH),240.91,0.15,0.06%,TRUE
DCEM Sensor,OK,DG 1 Energy,2759.6,TDG0756,DG (KWH),2721.5,38.1,1.38%,TRUE
GCU Sensor,SLAVE DEVICE FAULT,DG 1 Run Hour,473.1,TDG0756,DG Meter (RH),465.27,7.83,1.66%,TRUE
Solar Sensor,OK,Tenant-1 Energy,2568.5,TDG0756,DC Energy (KWH),2526.79,41.71,1.62%,TRUE
System Controller Sensor,OK,Grid Run Hour,0.15,TDG0756,CP Meter (RH),0.15,0,0.00%,TRUE
Fuel Sensor,OK,,,TDG0756,,,,,
Li_Battery Sensor,OK,,,TDG0756,,,,,
