ACEM Sensor,OK,Battery run hours,307.57,TDG0143,Battery Meter (RH),307.17,0.4,0.13%,TRUE
DCEM Sensor,OK,DG 1 Energy,3565.7,TDG0143,DG (KWH),3559.5,6.2,0.17%,TRUE
GCU Sensor,SLAVE DEVICE FAULT,DG 1 Run Hour,410.63,TDG0143,DG Meter (RH),409.9,0.73,0.18%,TRUE
Solar Sensor,OK,Tenant-1 Energy,3322.3,TDG0143,DC Energy (KWH),3317.28,5.02,0.15%,TRUE
System Controller Sensor,OK,Grid Run Hour,0.05,TDG0143,CP Meter (RH),0.05,0,0.00%,TRUE
Fuel Sensor,OK,,,TDG0143,,,,,
Li_Battery Sensor,OK,,,TDG0143,,,,,
