ACEM Sensor,OK,Battery run hours,173.04,TDG0115,Battery Meter (RH),172.64,0.4,0.23%,TRUE
DCEM Sensor,SLAVE DEVICE FAULT,DG 1 Energy,1495.1,TDG0115,DG (KWH),1490.99,4.11,0.27%,TRUE
GCU Sensor,SLAVE DEVICE FAULT,DG 1 Run Hour,549.58,TDG0115,DG Meter (RH),548.14,1.44,0.26%,TRUE
Solar Sensor,SLAVE DEVICE FAULT,Tenant-1 Energy,5102.45,TDG0115,DC Energy (KWH),5090.27,12.18,0.24%,TRUE
System Controller Sensor,OK,Grid Run Hour,0.03,TDG0115,CP Meter (RH),0.03,0,0.00%,TRUE
Fuel Sensor,SLAVE DEVICE FAULT,,,TDG0115,,,,,
Li_Battery Sensor,SLAVE DEVICE FAULT,,,TDG0115,,,,,
