ACEM Sensor,OK,Battery run hours,104.25,TDG0103,Battery Meter (RH),104.22,0.03,0.03%,TRUE
DCEM Sensor,OK,DG 1 Energy,3887.1,TDG0103,DG (KWH),3880.76,6.34,0.16%,TRUE
GCU Sensor,SLAVE DEVICE FAULT,DG 1 Run Hour,614.99,TDG0103,DG Meter (RH),614.01,0.98,0.16%,TRUE
Solar Sensor,OK,Tenant-1 Energy,2684.12,TDG0103,DC Energy (KWH),2679.84,4.28,0.16%,TRUE
System Controller Sensor,OK,Grid Run Hour,0.09,TDG0103,CP Meter (RH),0.09,0,0.00%,TRUE
Fuel Sensor,OK,,,TDG0103,,,,,
Li_Battery Sensor,OK,,,TDG0103,,,,,
