ACEM Sensor,OK,Battery run hours,334.43,TDG0963,Battery Meter (RH),334.03,0.4,0.12%,TRUE
DCEM Sensor,OK,DG 1 Energy,2971.1,TDG0963,DG (KWH),2962.1,9,0.30%,TRUE
GCU Sensor,SLAVE DEVICE FAULT,DG 1 Run Hour,390.27,TDG0963,DG Meter (RH),389.79,0.48,0.12%,TRUE
Solar Sensor,OK,Tenant-1 Energy,2670.12,TDG0963,DC Energy (KWH),2668.89,1.23,0.05%,TRUE
System Controller Sensor,OK,Grid Run Hour,1.58,TDG0963,CP Meter (RH),1.58,0,0.00%,TRUE
Fuel Sensor,OK,,,TDG0963,,,,,
Li_Battery Sensor,OK,,,TDG0963,,,,,
