ACEM Sensor,OK,Battery run hours,0,TDG0544,Battery Meter (RH),0,0,0.00%,TRUE
DCEM Sensor,SLAVE DEVICE FAULT,DG 1 Energy,1007.4,TDG0544,DG (KWH),905.7,101.7,10.10%,FALSE
GCU Sensor,SLAVE DEVICE FAULT,DG 1 Run Hour,362.61,TDG0544,DG Meter (RH),314.52,48.09,13.26%,FALSE
Solar Sensor,SLAVE DEVICE FAULT,Tenant-1 Energy,0,TDG0544,DC Energy (KWH),0,0,0.00%,TRUE
System Controller Sensor,SLAVE DEVICE FAULT,Grid Run Hour,0,TDG0544,CP Meter (RH),0,0,0.00%,TRUE
Fuel Sensor,SLAVE DEVICE FAULT,,,TDG0544,,,,,
Li_Battery Sensor,SLAVE DEVICE FAULT,,,TDG0544,,,,,
