ACEM Sensor,OK,Battery run hours,291.36,TDG0912,Battery Meter (RH),290.42,0.94,0.32%,TRUE
DCEM Sensor,OK,DG 1 Energy,1850.6,TDG0912,DG (KWH),1850.6,0,0.00%,TRUE
GCU Sensor,SLAVE DEVICE FAULT,DG 1 Run Hour,422.64,TDG0912,DG Meter (RH),422.64,0,0.00%,TRUE
Solar Sensor,OK,Tenant-1 Energy,1699.51,TDG0912,DC Energy (KWH),1698.84,0.67,0.04%,TRUE
System Controller Sensor,OK,Grid Run Hour,0.08,TDG0912,CP Meter (RH),0.08,0,0.00%,TRUE
Fuel Sensor,OK,,,TDG0912,,,,,
Li_Battery Sensor,SLAVE DEVICE FAULT,,,TDG0912,,,,,
