ACEM Sensor,OK,Battery run hours,0,TDG0925,Battery Meter (RH),0,0,0.00%,TRUE
DCEM Sensor,OK,DG 1 Energy,1759.5,TDG0925,DG (KWH),1690.4,69.1,3.93%,TRUE
GCU Sensor,SLAVE DEVICE FAULT,DG 1 Run Hour,285.65,TDG0925,DG Meter (RH),274.23,11.42,4.00%,TRUE
Solar Sensor,OK,Tenant-1 Energy,5.73,TDG0925,DC Energy (KWH),5.73,0,0.00%,TRUE
System Controller Sensor,OK,Grid Run Hour,0.06,TDG0925,CP Meter (RH),0.06,0,0.00%,TRUE
Fuel Sensor,OK,,,TDG0925,,,,,
Li_Battery Sensor,SLAVE DEVICE FAULT,,,TDG0925,,,,,
