ACEM Sensor,SLAVE DEVICE FAULT,Battery run hours,0,TDG0409,Battery Meter (RH),0,0,0.00%,TRUE
DCEM Sensor,SLAVE DEVICE FAULT,DG 1 Energy,0,TDG0409,DG (KWH),0,0,0.00%,TRUE
GCU Sensor,SLAVE DEVICE FAULT,DG 1 Run Hour,0,TDG0409,DG Meter (RH),0,0,0.00%,TRUE
Solar Sensor,SLAVE DEVICE FAULT,Tenant-1 Energy,0,TDG0409,DC Energy (KWH),0,0,0.00%,TRUE
System Controller Sensor,SLAVE DEVICE FAULT,Grid Run Hour,0,TDG0409,CP Meter (RH),0,0,0.00%,TRUE
Fuel Sensor,SLAVE DEVICE FAULT,,,TDG0409,,,,,
Li_Battery Sensor,SLAVE DEVICE FAULT,,,TDG0409,,,,,
