ACEM Sensor,OK,Battery run hours,251.12,TDG0485,Battery Meter (RH),250.41,0.71,0.28%,TRUE
DCEM Sensor,OK,DG 1 Energy,3803.6,TDG0485,DG (KWH),3800.11,3.49,0.09%,TRUE
GCU Sensor,SLAVE DEVICE FAULT,DG 1 Run Hour,463.35,TDG0485,DG Meter (RH),462.95,0.4,0.09%,TRUE
Solar Sensor,OK,Tenant-1 Energy,3537.8,TDG0485,DC Energy (KWH),3532.42,5.38,0.15%,TRUE
System Controller Sensor,OK,Grid Run Hour,0.12,TDG0485,CP Meter (RH),0.12,0,0.00%,TRUE
Fuel Sensor,OK,,,TDG0485,,,,,
Li_Battery Sensor,SLAVE DEVICE FAULT,,,TDG0485,,,,,
