ACEM Sensor,OK,Battery run hours,85.59,TDG0367,Battery Meter (RH),85.59,0,0.00%,TRUE
DCEM Sensor,OK,DG 1 Energy,3534.1,TDG0367,DG (KWH),3529.7,4.4,0.12%,TRUE
GCU Sensor,SLAVE DEVICE FAULT,DG 1 Run Hour,651.34,TDG0367,DG Meter (RH),650.48,0.86,0.13%,TRUE
Solar Sensor,OK,Tenant-1 Energy,3095.28,TDG0367,DC Energy (KWH),3089.98,5.3,0.17%,TRUE
System Controller Sensor,OK,Grid Run Hour,0.07,TDG0367,CP Meter (RH),0.07,0,0.00%,TRUE
Fuel Sensor,OK,,,TDG0367,,,,,
Li_Battery Sensor,OK,,,TDG0367,,,,,
