ACEM Sensor,OK,Battery run hours,434.57,TDG0260,Battery Meter (RH),433.72,0.85,0.20%,TRUE
DCEM Sensor,OK,DG 1 Energy,1808.4,TDG0260,DG (KWH),1807.2,1.2,0.07%,TRUE
GCU Sensor,SLAVE DEVICE FAULT,DG 1 Run Hour,307,TDG0260,DG Meter (RH),306.84,0.16,0.05%,TRUE
Solar Sensor,OK,Tenant-1 Energy,1635.71,TDG0260,DC Energy (KWH),1634.12,1.59,0.10%,TRUE
System Controller Sensor,OK,Grid Run Hour,0.05,TDG0260,CP Meter (RH),0.05,0,0.00%,TRUE
Fuel Sensor,OK,,,TDG0260,,,,,
Li_Battery Sensor,SLAVE DEVICE FAULT,,,TDG0260,,,,,
