ACEM Sensor,OK,Battery run hours,328.57,TDG0105,Battery Meter (RH),328.27,0.3,0.09%,TRUE
DCEM Sensor,OK,DG 1 Energy,3804.9,TDG0105,DG (KWH),3798.7,6.2,0.16%,TRUE
GCU Sensor,SLAVE DEVICE FAULT,DG 1 Run Hour,408.53,TDG0105,DG Meter (RH),407.76,0.77,0.19%,TRUE
Solar Sensor,OK,Tenant-1 Energy,3511.17,TDG0105,DC Energy (KWH),3508.56,2.61,0.07%,TRUE
System Controller Sensor,OK,Grid Run Hour,0.12,TDG0105,CP Meter (RH),0.12,0,0.00%,TRUE
Fuel Sensor,OK,,,TDG0105,,,,,
Li_Battery Sensor,SLAVE DEVICE FAULT,,,TDG0105,,,,,
