ACEM Sensor,OK,Battery run hours,306.35,TDG0336,Battery Meter (RH),305.74,0.61,0.20%,TRUE
DCEM Sensor,OK,DG 1 Energy,4073.6,TDG0336,DG (KWH),4070.29,3.31,0.08%,TRUE
GCU Sensor,SLAVE DEVICE FAULT,DG 1 Run Hour,414.87,TDG0336,DG Meter (RH),414.49,0.38,0.09%,TRUE
Solar Sensor,OK,Tenant-1 Energy,3256.13,TDG0336,DC Energy (KWH),3252.25,3.88,0.12%,TRUE
System Controller Sensor,OK,Grid Run Hour,0.06,TDG0336,CP Meter (RH),0.06,0,0.00%,TRUE
Fuel Sensor,OK,,,TDG0336,,,,,
Li_Battery Sensor,OK,,,TDG0336,,,,,
