ACEM Sensor,OK,Battery run hours,417.75,TDG0577,Battery Meter (RH),392.78,24.97,5.98%,TRUE
DCEM Sensor,SLAVE DEVICE FAULT,DG 1 Energy,982.6,TDG0577,DG (KWH),974.8,7.8,0.79%,TRUE
GCU Sensor,SLAVE DEVICE FAULT,DG 1 Run Hour,237.25,TDG0577,DG Meter (RH),235.62,1.63,0.69%,TRUE
Solar Sensor,SLAVE DEVICE FAULT,Tenant-1 Energy,1042.28,TDG0577,DC Energy (KWH),1002.71,39.57,3.80%,TRUE
System Controller Sensor,OK,Grid Run Hour,64.98,TDG0577,CP Meter (RH),63.52,1.46,2.25%,TRUE
Fuel Sensor,SLAVE DEVICE FAULT,,,TDG0577,,,,,
Li_Battery Sensor,SLAVE DEVICE FAULT,,,TDG0577,,,,,
