ACEM Sensor,OK,Battery run hours,349.9,TDG0133,Battery Meter (RH),341.47,8.43,2.41%,TRUE
DCEM Sensor,OK,DG 1 Energy,2280.2,TDG0133,DG (KWH),2243.8,36.4,1.60%,TRUE
GCU Sensor,SLAVE DEVICE FAULT,DG 1 Run Hour,391.23,TDG0133,DG Meter (RH),384.74,6.49,1.66%,TRUE
Solar Sensor,OK,Tenant-1 Energy,2110.81,TDG0133,DC Energy (KWH),2070,40.81,1.93%,TRUE
System Controller Sensor,OK,Grid Run Hour,0.1,TDG0133,CP Meter (RH),0.1,0,0.00%,TRUE
Fuel Sensor,OK,,,TDG0133,,,,,
Li_Battery Sensor,OK,,,TDG0133,,,,,
