ACEM Sensor,OK,Battery run hours,596.18,TDG0694,Battery Meter (RH),595.55,0.63,0.11%,TRUE
DCEM Sensor,OK,DG 1 Energy,913.4,TDG0694,DG (KWH),911.5,1.9,0.21%,TRUE
GCU Sensor,SLAVE DEVICE FAULT,DG 1 Run Hour,473.05,TDG0694,DG Meter (RH),471.96,1.09,0.23%,TRUE
Solar Sensor,OK,Tenant-1 Energy,1533.63,TDG0694,DC Energy (KWH),1532.37,1.26,0.08%,TRUE
System Controller Sensor,OK,Grid Run Hour,0.03,TDG0694,CP Meter (RH),0.03,0,0.00%,TRUE
Fuel Sensor,OK,,,TDG0694,,,,,
Li_Battery Sensor,OK,,,TDG0694,,,,,
