ACEM Sensor,OK,Battery run hours,174.4,TDG0182,Battery Meter (RH),165.16,9.24,5.30%,TRUE
DCEM Sensor,SLAVE DEVICE FAULT,DG 1 Energy,6317.5,TDG0182,DG (KWH),5926.81,390.69,6.18%,TRUE
GCU Sensor,SLAVE DEVICE FAULT,DG 1 Run Hour,549.52,TDG0182,DG Meter (RH),516.37,33.15,6.03%,TRUE
Solar Sensor,SLAVE DEVICE FAULT,Tenant-1 Energy,5719.55,TDG0182,DC Energy (KWH),5410.09,309.46,5.41%,TRUE
System Controller Sensor,OK,Grid Run Hour,0.05,TDG0182,CP Meter (RH),0.05,0,0.00%,TRUE
Fuel Sensor,SLAVE DEVICE FAULT,,,TDG0182,,,,,
Li_Battery Sensor,SLAVE DEVICE FAULT,,,TDG0182,,,,,
