ACEM Sensor,OK,Battery run hours,445.3,TDG0549,Battery Meter (RH),444.66,0.64,0.14%,TRUE
DCEM Sensor,OK,DG 1 Energy,2012.9,TDG0549,DG (KWH),2010.8,2.1,0.10%,TRUE
GCU Sensor,SLAVE DEVICE FAULT,DG 1 Run Hour,285.92,TDG0549,DG Meter (RH),285.65,0.27,0.09%,TRUE
Solar Sensor,OK,Tenant-1 Energy,1832.41,TDG0549,DC Energy (KWH),1828.72,3.69,0.20%,TRUE
System Controller Sensor,OK,Grid Run Hour,0.03,TDG0549,CP Meter (RH),0.03,0,0.00%,TRUE
Fuel Sensor,OK,,,TDG0549,,,,,
Li_Battery Sensor,OK,,,TDG0549,,,,,
