ACEM Sensor,OK,Battery run hours,355.5,TDG0169,Battery Meter (RH),342.15,13.35,3.76%,TRUE
DCEM Sensor,SLAVE DEVICE FAULT,DG 1 Energy,3476.5,TDG0169,DG (KWH),3370.3,106.2,3.05%,TRUE
GCU Sensor,SLAVE DEVICE FAULT,DG 1 Run Hour,371.85,TDG0169,DG Meter (RH),360.53,11.32,3.04%,TRUE
Solar Sensor,SLAVE DEVICE FAULT,Tenant-1 Energy,3203.08,TDG0169,DC Energy (KWH),3099.63,103.45,3.23%,TRUE
System Controller Sensor,OK,Grid Run Hour,0.18,TDG0169,CP Meter (RH),0.18,0,0.00%,TRUE
Fuel Sensor,SLAVE DEVICE FAULT,,,TDG0169,,,,,
Li_Battery Sensor,SLAVE DEVICE FAULT,,,TDG0169,,,,,
