ACEM Sensor,OK,Battery run hours,214.76,TDG0306,Battery Meter (RH),214.41,0.35,0.16%,TRUE
DCEM Sensor,OK,DG 1 Energy,2207.4,TDG0306,DG (KWH),2203.6,3.8,0.17%,TRUE
GCU Sensor,SLAVE DEVICE FAULT,DG 1 Run Hour,381.44,TDG0306,DG Meter (RH),380.86,0.58,0.15%,TRUE
Solar Sensor,OK,Tenant-1 Energy,2750.45,TDG0306,DC Energy (KWH),2745.71,4.74,0.17%,TRUE
System Controller Sensor,OK,Grid Run Hour,111.55,TDG0306,CP Meter (RH),111.43,0.12,0.11%,TRUE
Fuel Sensor,OK,,,TDG0306,,,,,
Li_Battery Sensor,SLAVE DEVICE FAULT,,,TDG0306,,,,,
