ACEM Sensor,OK,Battery run hours,446.43,TDG0111,Battery Meter (RH),445.82,0.61,0.14%,TRUE
DCEM Sensor,OK,DG 1 Energy,1952.2,TDG0111,DG (KWH),1947.9,4.3,0.22%,TRUE
GCU Sensor,SLAVE DEVICE FAULT,DG 1 Run Hour,325.07,TDG0111,DG Meter (RH),324.37,0.7,0.22%,TRUE
Solar Sensor,OK,Tenant-1 Energy,1770.81,TDG0111,DC Energy (KWH),1767.86,2.95,0.17%,TRUE
System Controller Sensor,OK,Grid Run Hour,0.12,TDG0111,CP Meter (RH),0.12,0,0.00%,TRUE
Fuel Sensor,OK,,,TDG0111,,,,,
Li_Battery Sensor,OK,,,TDG0111,,,,,
