ACEM Sensor,OK,Battery run hours,268.53,TDG0866,Battery Meter (RH),268.23,0.3,0.11%,TRUE
DCEM Sensor,OK,DG 1 Energy,2364.8,TDG0866,DG (KWH),2361.5,3.3,0.14%,TRUE
GCU Sensor,SLAVE DEVICE FAULT,DG 1 Run Hour,472.53,TDG0866,DG Meter (RH),471.79,0.74,0.16%,TRUE
Solar Sensor,OK,Tenant-1 Energy,2172.22,TDG0866,DC Energy (KWH),2168.04,4.18,0.19%,TRUE
System Controller Sensor,OK,Grid Run Hour,0.03,TDG0866,CP Meter (RH),0.03,0,0.00%,TRUE
Fuel Sensor,OK,,,TDG0866,,,,,
Li_Battery Sensor,SLAVE DEVICE FAULT,,,TDG0866,,,,,
