ACEM Sensor,OK,Battery run hours,709,TDG0319,Battery Meter (RH),708.02,0.98,0.14%,TRUE
DCEM Sensor,OK,DG 1 Energy,1861.1,TDG0319,DG (KWH),1859.9,1.2,0.06%,TRUE
GCU Sensor,SLAVE DEVICE FAULT,DG 1 Run Hour,305.8,TDG0319,DG Meter (RH),305.63,0.17,0.06%,TRUE
Solar Sensor,OK,Tenant-1 Energy,1536.54,TDG0319,DC Energy (KWH),1534.23,2.31,0.15%,TRUE
System Controller Sensor,OK,Grid Run Hour,2.75,TDG0319,CP Meter (RH),2.75,0,0.00%,TRUE
Fuel Sensor,OK,,,TDG0319,,,,,
Li_Battery Sensor,OK,,,TDG0319,,,,,
