ACEM Sensor,OK,Battery run hours,0.9,TDG0683,Battery Meter (RH),0.9,0,0.00%,TRUE
DCEM Sensor,SLAVE DEVICE FAULT,DG 1 Energy,0,TDG0683,DG (KWH),0,0,0.00%,TRUE
GCU Sensor,SLAVE DEVICE FAULT,DG 1 Run Hour,0,TDG0683,DG Meter (RH),0,0,0.00%,TRUE
Solar Sensor,SLAVE DEVICE FAULT,Tenant-1 Energy,1437.21,TDG0683,DC Energy (KWH),1387.4,49.81,3.47%,TRUE
System Controller Sensor,OK,Grid Run Hour,722.39,TDG0683,CP Meter (RH),692.95,29.44,4.08%,TRUE
Fuel Sensor,SLAVE DEVICE FAULT,,,TDG0683,,,,,
Li_Battery Sensor,SLAVE DEVICE FAULT,,,TDG0683,,,,,
