ACEM Sensor,OK,Battery run hours,229.02,TDG0458,Battery Meter (RH),228.46,0.56,0.24%,TRUE
DCEM Sensor,OK,DG 1 Energy,3281.8,TDG0458,DG (KWH),3278.1,3.7,0.11%,TRUE
GCU Sensor,SLAVE DEVICE FAULT,DG 1 Run Hour,488.92,TDG0458,DG Meter (RH),488.34,0.58,0.12%,TRUE
Solar Sensor,OK,Tenant-1 Energy,3011.44,TDG0458,DC Energy (KWH),3004.98,6.46,0.21%,TRUE
System Controller Sensor,OK,Grid Run Hour,0.15,TDG0458,CP Meter (RH),0.15,0,0.00%,TRUE
Fuel Sensor,OK,,,TDG0458,,,,,
Li_Battery Sensor,SLAVE DEVICE FAULT,,,TDG0458,,,,,
