ACEM Sensor,OK,Battery run hours,309.61,TDG0282,Battery Meter (RH),303.58,6.03,1.95%,TRUE
DCEM Sensor,OK,DG 1 Energy,25556.2,TDG0282,DG (KWH),1777.6,23778.6,93.04%,FALSE
GCU Sensor,SLAVE DEVICE FAULT,DG 1 Run Hour,5483.4,TDG0282,DG Meter (RH),385.87,5097.53,92.96%,FALSE
Solar Sensor,OK,Tenant-1 Energy,43953.95,TDG0282,DC Energy (KWH),1662.22,42291.73,96.22%,FALSE
System Controller Sensor,OK,Grid Run Hour,0.62,TDG0282,CP Meter (RH),0.09,0.53,85.48%,FALSE
Fuel Sensor,OK,,,TDG0282,,,,,
Li_Battery Sensor,OK,,,TDG0282,,,,,
