ACEM Sensor,OK,Battery run hours,388.53,TDG0305,Battery Meter (RH),362.34,26.19,6.74%,TRUE
DCEM Sensor,SLAVE DEVICE FAULT,DG 1 Energy,1388,TDG0305,DG (KWH),1335.8,52.2,3.76%,TRUE
GCU Sensor,SLAVE DEVICE FAULT,DG 1 Run Hour,333.8,TDG0305,DG Meter (RH),321.4,12.4,3.71%,TRUE
Solar Sensor,SLAVE DEVICE FAULT,Tenant-1 Energy,1343.82,TDG0305,DC Energy (KWH),1277.84,65.98,4.91%,TRUE
System Controller Sensor,OK,Grid Run Hour,0.03,TDG0305,CP Meter (RH),0.03,0,0.00%,TRUE
Fuel Sensor,SLAVE DEVICE FAULT,,,TDG0305,,,,,
Li_Battery Sensor,SLAVE DEVICE FAULT,,,TDG0305,,,,,
