ACEM Sensor,OK,Battery run hours,211.26,TDG0134,Battery Meter (RH),211.22,0.04,0.02%,TRUE
DCEM Sensor,OK,DG 1 Energy,551.1,TDG0134,DG (KWH),544.7,6.4,1.16%,TRUE
GCU Sensor,SLAVE DEVICE FAULT,DG 1 Run Hour,458.39,TDG0134,DG Meter (RH),453.91,4.48,0.98%,TRUE
Solar Sensor,OK,Tenant-1 Energy,1922.95,TDG0134,DC Energy (KWH),1911.18,11.77,0.61%,TRUE
System Controller Sensor,OK,Grid Run Hour,0.02,TDG0134,CP Meter (RH),0.02,0,0.00%,TRUE
Fuel Sensor,OK,,,TDG0134,,,,,
Li_Battery Sensor,OK,,,TDG0134,,,,,
