ACEM Sensor,OK,Battery run hours,294.83,TDG0120,Battery Meter (RH),290.24,4.59,1.56%,TRUE
DCEM Sensor,SLAVE DEVICE FAULT,DG 1 Energy,4564.1,TDG0120,DG (KWH),4433.89,130.21,2.85%,TRUE
GCU Sensor,SLAVE DEVICE FAULT,DG 1 Run Hour,442.26,TDG0120,DG Meter (RH),429.5,12.76,2.89%,TRUE
Solar Sensor,SLAVE DEVICE FAULT,Tenant-1 Energy,4223.39,TDG0120,DC Energy (KWH),4123.56,99.83,2.36%,TRUE
System Controller Sensor,OK,Grid Run Hour,0.05,TDG0120,CP Meter (RH),0.05,0,0.00%,TRUE
Fuel Sensor,SLAVE DEVICE FAULT,,,TDG0120,,,,,
Li_Battery Sensor,SLAVE DEVICE FAULT,,,TDG0120,,,,,
