ACEM Sensor,SLAVE DEVICE FAULT,Battery run hours,80.75,TDG0943,Battery Meter (RH),76.41,4.34,5.37%,TRUE
DCEM Sensor,SLAVE DEVICE FAULT,DG 1 Energy,1215.5,TDG0943,DG (KWH),1213.8,1.7,0.14%,TRUE
GCU Sensor,SLAVE DEVICE FAULT,DG 1 Run Hour,483.51,TDG0943,DG Meter (RH),482.9,0.61,0.13%,TRUE
Solar Sensor,SLAVE DEVICE FAULT,Tenant-1 Energy,2.16,TDG0943,DC Energy (KWH),2.15,0.01,0.46%,TRUE
System Controller Sensor,OK,Grid Run Hour,0.05,TDG0943,CP Meter (RH),0.05,0,0.00%,TRUE
Fuel Sensor,SLAVE DEVICE FAULT,,,TDG0943,,,,,
Li_Battery Sensor,SLAVE DEVICE FAULT,,,TDG0943,,,,,
