ACEM Sensor,OK,Battery run hours,0,TDG0922,Battery Meter (RH),0,0,0.00%,TRUE
DCEM Sensor,SLAVE DEVICE FAULT,DG 1 Energy,2713.1,TDG0922,DG (KWH),2709.4,3.7,0.14%,TRUE
GCU Sensor,SLAVE DEVICE FAULT,DG 1 Run Hour,485.49,TDG0922,DG Meter (RH),484.48,1.01,0.21%,TRUE
Solar Sensor,OK,Tenant-1 Energy,2098.29,TDG0922,DC Energy (KWH),2097.91,0.38,0.02%,TRUE
System Controller Sensor,SLAVE DEVICE FAULT,Grid Run Hour,0.02,TDG0922,CP Meter (RH),0.02,0,0.00%,TRUE
Fuel Sensor,OK,,,TDG0922,,,,,
Li_Battery Sensor,SLAVE DEVICE FAULT,,,TDG0922,,,,,
