ACEM Sensor,OK,Battery run hours,315.52,TDG0265,Battery Meter (RH),314.91,0.61,0.19%,TRUE
DCEM Sensor,SLAVE DEVICE FAULT,DG 1 Energy,1909,TDG0265,DG (KWH),1902.4,6.6,0.35%,TRUE
GCU Sensor,SLAVE DEVICE FAULT,DG 1 Run Hour,409.69,TDG0265,DG Meter (RH),408.09,1.6,0.39%,TRUE
Solar Sensor,SLAVE DEVICE FAULT,Tenant-1 Energy,1745.16,TDG0265,DC Energy (KWH),1740.22,4.94,0.28%,TRUE
System Controller Sensor,OK,Grid Run Hour,0.05,TDG0265,CP Meter (RH),0.05,0,0.00%,TRUE
Fuel Sensor,SLAVE DEVICE FAULT,,,TDG0265,,,,,
Li_Battery Sensor,SLAVE DEVICE FAULT,,,TDG0265,,,,,
