ACEM Sensor,OK,Battery run hours,154.39,TDG0861,Battery Meter (RH),154.13,0.26,0.17%,TRUE
DCEM Sensor,OK,DG 1 Energy,2801.2,TDG0861,DG (KWH),2796.9,4.3,0.15%,TRUE
GCU Sensor,SLAVE DEVICE FAULT,DG 1 Run Hour,568.6,TDG0861,DG Meter (RH),567.69,0.91,0.16%,TRUE
Solar Sensor,OK,Tenant-1 Energy,2562.97,TDG0861,DC Energy (KWH),2558.09,4.88,0.19%,TRUE
System Controller Sensor,OK,Grid Run Hour,0.07,TDG0861,CP Meter (RH),0.07,0,0.00%,TRUE
Fuel Sensor,OK,,,TDG0861,,,,,
Li_Battery Sensor,OK,,,TDG0861,,,,,
