ACEM Sensor,OK,Battery run hours,162.45,TDG0518,Battery Meter (RH),162.25,0.2,0.12%,TRUE
DCEM Sensor,OK,DG 1 Energy,4144.7,TDG0518,DG (KWH),4138.7,6,0.14%,TRUE
GCU Sensor,SLAVE DEVICE FAULT,DG 1 Run Hour,555.87,TDG0518,DG Meter (RH),555.04,0.83,0.15%,TRUE
Solar Sensor,OK,Tenant-1 Energy,3612.44,TDG0518,DC Energy (KWH),3606.66,5.78,0.16%,TRUE
System Controller Sensor,OK,Grid Run Hour,0.07,TDG0518,CP Meter (RH),0.07,0,0.00%,TRUE
Fuel Sensor,OK,,,TDG0518,,,,,
Li_Battery Sensor,OK,,,TDG0518,,,,,
