ACEM Sensor,OK,Battery run hours,70.27,TDG0517,Battery Meter (RH),70.27,0,0.00%,TRUE
DCEM Sensor,SLAVE DEVICE FAULT,DG 1 Energy,1434.2,TDG0517,DG (KWH),1431.3,2.9,0.20%,TRUE
GCU Sensor,SLAVE DEVICE FAULT,DG 1 Run Hour,391.23,TDG0517,DG Meter (RH),390.53,0.7,0.18%,TRUE
Solar Sensor,SLAVE DEVICE FAULT,Tenant-1 Energy,1420.9,TDG0517,DC Energy (KWH),1416.09,4.81,0.34%,TRUE
System Controller Sensor,OK,Grid Run Hour,0.05,TDG0517,CP Meter (RH),0.05,0,0.00%,TRUE
Fuel Sensor,SLAVE DEVICE FAULT,,,TDG0517,,,,,
Li_Battery Sensor,SLAVE DEVICE FAULT,,,TDG0517,,,,,
