ACEM Sensor,OK,Battery run hours,42.22,TDG0751,Battery Meter (RH),42.12,0.1,0.24%,TRUE
DCEM Sensor,OK,DG 1 Energy,350.5,TDG0751,DG (KWH),350.5,0,0.00%,TRUE
GCU Sensor,SLAVE DEVICE FAULT,DG 1 Run Hour,47,TDG0751,DG Meter (RH),47,0,0.00%,TRUE
Solar Sensor,OK,Tenant-1 Energy,325.51,TDG0751,DC Energy (KWH),325.51,0,0.00%,TRUE
System Controller Sensor,OK,Grid Run Hour,0.02,TDG0751,CP Meter (RH),0.02,0,0.00%,TRUE
Fuel Sensor,OK,,,TDG0751,,,,,
Li_Battery Sensor,SLAVE DEVICE FAULT,,,TDG0751,,,,,
