ACEM Sensor,SLAVE DEVICE FAULT,Battery run hours,257.32,TDG0700,Battery Meter (RH),257.16,0.16,0.06%,TRUE
DCEM Sensor,OK,DG 1 Energy,0,TDG0700,DG (KWH),0,0,0.00%,TRUE
GCU Sensor,SLAVE DEVICE FAULT,DG 1 Run Hour,0,TDG0700,DG Meter (RH),0,0,0.00%,TRUE
Solar Sensor,OK,Tenant-1 Energy,2314.46,TDG0700,DC Energy (KWH),2237.51,76.95,3.32%,TRUE
System Controller Sensor,OK,Grid Run Hour,0,TDG0700,CP Meter (RH),0,0,0.00%,TRUE
Fuel Sensor,OK,,,TDG0700,,,,,
Li_Battery Sensor,SLAVE DEVICE FAULT,,,TDG0700,,,,,
