ACEM Sensor,OK,Battery run hours,98.08,TDG0632,Battery Meter (RH),97.83,0.25,0.25%,TRUE
DCEM Sensor,OK,DG 1 Energy,5319.8,TDG0632,DG (KWH),5313.49,6.31,0.12%,TRUE
GCU Sensor,SLAVE DEVICE FAULT,DG 1 Run Hour,624.03,TDG0632,DG Meter (RH),623.26,0.77,0.12%,TRUE
Solar Sensor,OK,Tenant-1 Energy,4197.58,TDG0632,DC Energy (KWH),4190.32,7.26,0.17%,TRUE
System Controller Sensor,OK,Grid Run Hour,0.1,TDG0632,CP Meter (RH),0.1,0,0.00%,TRUE
Fuel Sensor,OK,,,TDG0632,,,,,
Li_Battery Sensor,OK,,,TDG0632,,,,,
