ACEM Sensor,OK,Battery run hours,279.89,TDG0116,Battery Meter (RH),279.61,0.28,0.10%,TRUE
DCEM Sensor,OK,DG 1 Energy,3179.2,TDG0116,DG (KWH),3174.7,4.5,0.14%,TRUE
GCU Sensor,SLAVE DEVICE FAULT,DG 1 Run Hour,459.47,TDG0116,DG Meter (RH),458.71,0.76,0.17%,TRUE
Solar Sensor,OK,Tenant-1 Energy,2930.37,TDG0116,DC Energy (KWH),2925.55,4.82,0.16%,TRUE
System Controller Sensor,OK,Grid Run Hour,0.1,TDG0116,CP Meter (RH),0.1,0,0.00%,TRUE
Fuel Sensor,OK,,,TDG0116,,,,,
Li_Battery Sensor,OK,,,TDG0116,,,,,
