ACEM Sensor,OK,Battery run hours,232.75,TDG0576,Battery Meter (RH),232.04,0.71,0.31%,TRUE
DCEM Sensor,OK,DG 1 Energy,2876.9,TDG0576,DG (KWH),2873.5,3.4,0.12%,TRUE
GCU Sensor,SLAVE DEVICE FAULT,DG 1 Run Hour,472.03,TDG0576,DG Meter (RH),471.45,0.58,0.12%,TRUE
Solar Sensor,OK,Tenant-1 Energy,2644.2,TDG0576,DC Energy (KWH),2641.19,3.01,0.11%,TRUE
System Controller Sensor,OK,Grid Run Hour,0.3,TDG0576,CP Meter (RH),0.3,0,0.00%,TRUE
Fuel Sensor,OK,,,TDG0576,,,,,
Li_Battery Sensor,SLAVE DEVICE FAULT,,,TDG0576,,,,,
