ACEM Sensor,SLAVE DEVICE FAULT,Battery run hours,247.42,TDG0616,Battery Meter (RH),228.2,19.22,7.77%,TRUE
DCEM Sensor,SLAVE DEVICE FAULT,DG 1 Energy,3432.6,TDG0616,DG (KWH),3130.5,302.1,8.80%,TRUE
GCU Sensor,SLAVE DEVICE FAULT,DG 1 Run Hour,469.53,TDG0616,DG Meter (RH),428.66,40.87,8.70%,TRUE
Solar Sensor,SLAVE DEVICE FAULT,Tenant-1 Energy,3157.67,TDG0616,DC Energy (KWH),2889.51,268.16,8.49%,TRUE
System Controller Sensor,OK,Grid Run Hour,0.12,TDG0616,CP Meter (RH),0.12,0,0.00%,TRUE
Fuel Sensor,SLAVE DEVICE FAULT,,,TDG0616,,,,,
Li_Battery Sensor,SLAVE DEVICE FAULT,,,TDG0616,,,,,
