ACEM Sensor,OK,Battery run hours,243.99,TDG0344,Battery Meter (RH),238.69,5.3,2.17%,TRUE
DCEM Sensor,OK,DG 1 Energy,3664.8,TDG0344,DG (KWH),3597.4,67.4,1.84%,TRUE
GCU Sensor,SLAVE DEVICE FAULT,DG 1 Run Hour,490.12,TDG0344,DG Meter (RH),479.24,10.88,2.22%,TRUE
Solar Sensor,OK,Tenant-1 Energy,3423.13,TDG0344,DC Energy (KWH),3361.78,61.35,1.79%,TRUE
System Controller Sensor,OK,Grid Run Hour,0.1,TDG0344,CP Meter (RH),0.1,0,0.00%,TRUE
Fuel Sensor,OK,,,TDG0344,,,,,
Li_Battery Sensor,SLAVE DEVICE FAULT,,,TDG0344,,,,,
