ACEM Sensor,OK,Battery run hours,315.97,TDG0122,Battery Meter (RH),304.32,11.65,3.69%,TRUE
DCEM Sensor,SLAVE DEVICE FAULT,DG 1 Energy,0,TDG0122,DG (KWH),0,0,0.00%,TRUE
GCU Sensor,SLAVE DEVICE FAULT,DG 1 Run Hour,722.57,TDG0122,DG Meter (RH),689.95,32.62,4.51%,TRUE
Solar Sensor,SLAVE DEVICE FAULT,Tenant-1 Energy,2907.34,TDG0122,DC Energy (KWH),2788.04,119.3,4.10%,TRUE
System Controller Sensor,OK,Grid Run Hour,0,TDG0122,CP Meter (RH),0,0,0.00%,TRUE
Fuel Sensor,SLAVE DEVICE FAULT,,,TDG0122,,,,,
Li_Battery Sensor,SLAVE DEVICE FAULT,,,TDG0122,,,,,
