ACEM Sensor,OK,Battery run hours,343.99,TDG0961,Battery Meter (RH),343.53,0.46,0.13%,TRUE
DCEM Sensor,OK,DG 1 Energy,2542.8,TDG0961,DG (KWH),2537.9,4.9,0.19%,TRUE
GCU Sensor,SLAVE DEVICE FAULT,DG 1 Run Hour,390.66,TDG0961,DG Meter (RH),389.96,0.7,0.18%,TRUE
Solar Sensor,OK,Tenant-1 Energy,2288.9,TDG0961,DC Energy (KWH),2283.89,5.01,0.22%,TRUE
System Controller Sensor,OK,Grid Run Hour,0.11,TDG0961,CP Meter (RH),0.11,0,0.00%,TRUE
Fuel Sensor,OK,,,TDG0961,,,,,
Li_Battery Sensor,OK,,,TDG0961,,,,,
