ACEM Sensor,OK,Battery run hours,231.25,TDG0631,Battery Meter (RH),231.08,0.17,0.07%,TRUE
DCEM Sensor,OK,DG 1 Energy,2832.5,TDG0631,DG (KWH),2827.6,4.9,0.17%,TRUE
GCU Sensor,SLAVE DEVICE FAULT,DG 1 Run Hour,506.23,TDG0631,DG Meter (RH),505.49,0.74,0.15%,TRUE
Solar Sensor,OK,Tenant-1 Energy,2624.01,TDG0631,DC Energy (KWH),2619.2,4.81,0.18%,TRUE
System Controller Sensor,OK,Grid Run Hour,0.06,TDG0631,CP Meter (RH),0.06,0,0.00%,TRUE
Fuel Sensor,OK,,,TDG0631,,,,,
Li_Battery Sensor,OK,,,TDG0631,,,,,
