ACEM Sensor,OK,Battery run hours,277.86,TDG0121,Battery Meter (RH),277.41,0.45,0.16%,TRUE
DCEM Sensor,SLAVE DEVICE FAULT,DG 1 Energy,3534.5,TDG0121,DG (KWH),3528.3,6.2,0.18%,TRUE
GCU Sensor,SLAVE DEVICE FAULT,DG 1 Run Hour,461.41,TDG0121,DG Meter (RH),460.48,0.93,0.20%,TRUE
Solar Sensor,SLAVE DEVICE FAULT,Tenant-1 Energy,3086.7,TDG0121,DC Energy (KWH),3083.01,3.69,0.12%,TRUE
System Controller Sensor,OK,Grid Run Hour,0.19,TDG0121,CP Meter (RH),0.19,0,0.00%,TRUE
Fuel Sensor,SLAVE DEVICE FAULT,,,TDG0121,,,,,
Li_Battery Sensor,SLAVE DEVICE FAULT,,,TDG0121,,,,,
