ACEM Sensor,OK,Battery run hours,230.93,TDG0206,Battery Meter (RH),230.66,0.27,0.12%,TRUE
DCEM Sensor,SLAVE DEVICE FAULT,DG 1 Energy,4811.8,TDG0206,DG (KWH),4802.7,9.1,0.19%,TRUE
GCU Sensor,SLAVE DEVICE FAULT,DG 1 Run Hour,492.36,TDG0206,DG Meter (RH),491.44,0.92,0.19%,TRUE
Solar Sensor,SLAVE DEVICE FAULT,Tenant-1 Energy,1768.03,TDG0206,DC Energy (KWH),1766.12,1.91,0.11%,TRUE
System Controller Sensor,OK,Grid Run Hour,0,TDG0206,CP Meter (RH),0,0,0.00%,TRUE
Fuel Sensor,SLAVE DEVICE FAULT,,,TDG0206,,,,,
Li_Battery Sensor,SLAVE DEVICE FAULT,,,TDG0206,,,,,
