ACEM Sensor,OK,Battery run hours,541.95,TDG0297,Battery Meter (RH),540.26,1.69,0.31%,TRUE
DCEM Sensor,SLAVE DEVICE FAULT,DG 1 Energy,1103.9,TDG0297,DG (KWH),1099,4.9,0.44%,TRUE
GCU Sensor,SLAVE DEVICE FAULT,DG 1 Run Hour,181.98,TDG0297,DG Meter (RH),181.24,0.74,0.41%,TRUE
Solar Sensor,SLAVE DEVICE FAULT,Tenant-1 Energy,955,TDG0297,DC Energy (KWH),953,2,0.21%,TRUE
System Controller Sensor,OK,Grid Run Hour,0,TDG0297,CP Meter (RH),0,0,0.00%,TRUE
Fuel Sensor,SLAVE DEVICE FAULT,,,TDG0297,,,,,
Li_Battery Sensor,SLAVE DEVICE FAULT,,,TDG0297,,,,,
