ACEM Sensor,OK,Battery run hours,403.59,TDG0255,Battery Meter (RH),368.06,35.53,8.80%,TRUE
DCEM Sensor,OK,DG 1 Energy,1387,TDG0255,DG (KWH),1250.4,136.6,9.85%,TRUE
GCU Sensor,SLAVE DEVICE FAULT,DG 1 Run Hour,315.8,TDG0255,DG Meter (RH),284.04,31.76,10.06%,FALSE
Solar Sensor,OK,Tenant-1 Energy,1257.19,TDG0255,DC Energy (KWH),1148.21,108.98,8.67%,TRUE
System Controller Sensor,OK,Grid Run Hour,0,TDG0255,CP Meter (RH),0,0,0.00%,TRUE
Fuel Sensor,OK,,,TDG0255,,,,,
Li_Battery Sensor,SLAVE DEVICE FAULT,,,TDG0255,,,,,
