ACEM Sensor,OK,Battery run hours,234.73,TDG0753,Battery Meter (RH),234.37,0.36,0.15%,TRUE
DCEM Sensor,OK,DG 1 Energy,2569.8,TDG0753,DG (KWH),2461.9,107.9,4.20%,TRUE
GCU Sensor,SLAVE DEVICE FAULT,DG 1 Run Hour,486.15,TDG0753,DG Meter (RH),468.95,17.2,3.54%,TRUE
Solar Sensor,OK,Tenant-1 Energy,2352.92,TDG0753,DC Energy (KWH),2240.09,112.83,4.80%,TRUE
System Controller Sensor,OK,Grid Run Hour,0.12,TDG0753,CP Meter (RH),0.12,0,0.00%,TRUE
Fuel Sensor,OK,,,TDG0753,,,,,
Li_Battery Sensor,OK,,,TDG0753,,,,,
