ACEM Sensor,OK,Battery run hours,136.32,TDG0602,Battery Meter (RH),136.29,0.03,0.02%,TRUE
DCEM Sensor,OK,DG 1 Energy,3649.1,TDG0602,DG (KWH),3643,6.1,0.17%,TRUE
GCU Sensor,SLAVE DEVICE FAULT,DG 1 Run Hour,555.56,TDG0602,DG Meter (RH),554.76,0.8,0.14%,TRUE
Solar Sensor,OK,Tenant-1 Energy,3485.05,TDG0602,DC Energy (KWH),3478.24,6.81,0.20%,TRUE
System Controller Sensor,OK,Grid Run Hour,30.3,TDG0602,CP Meter (RH),30.3,0,0.00%,TRUE
Fuel Sensor,OK,,,TDG0602,,,,,
Li_Battery Sensor,OK,,,TDG0602,,,,,
