ACEM Sensor,OK,Battery run hours,284.78,TDG0107,Battery Meter (RH),272.1,12.68,4%,TRUE
DCEM Sensor,SLAVE DEVICE FAULT,DG 1 Energy,3407.7,TDG0107,DG (KWH),3232.6,175.1,5%,TRUE
GCU Sensor,SLAVE DEVICE FAULT,DG 1 Run Hour,437.5,TDG0107,DG Meter (RH),415.03,22.47,5%,TRUE
Solar Sensor,SLAVE DEVICE FAULT,Tenant-1 Energy,3126.05,TDG0107,DC Energy (KWH),2980.12,145.93,5%,TRUE
System Controller Sensor,OK,Grid Run Hour,0.03,TDG0107,CP Meter (RH),0.03,0,0%,TRUE
Fuel Sensor,SLAVE DEVICE FAULT,,,TDG0107,,,,,
Li_Battery Sensor,SLAVE DEVICE FAULT,,,TDG0107,,,,,
