ACEM Sensor,OK,Battery run hours,293.28,TDG0150,Battery Meter (RH),292.9,0.38,0.13%,TRUE
DCEM Sensor,OK,DG 1 Energy,1617.7,TDG0150,DG (KWH),1615.5,2.2,0.14%,TRUE
GCU Sensor,SLAVE DEVICE FAULT,DG 1 Run Hour,417.56,TDG0150,DG Meter (RH),416.96,0.6,0.14%,TRUE
Solar Sensor,OK,Tenant-1 Energy,1530.7,TDG0150,DC Energy (KWH),1527.25,3.45,0.23%,TRUE
System Controller Sensor,OK,Grid Run Hour,13.42,TDG0150,CP Meter (RH),13.42,0,0.00%,TRUE
Fuel Sensor,OK,,,TDG0150,,,,,
Li_Battery Sensor,OK,,,TDG0150,,,,,
