ACEM Sensor,SLAVE DEVICE FAULT,Battery run hours,338.45,TDG0106,Battery Meter (RH),329.45,9,2.66%,TRUE
DCEM Sensor,SLAVE DEVICE FAULT,DG 1 Energy,0,TDG0106,DG (KWH),0,0,0.00%,TRUE
GCU Sensor,SLAVE DEVICE FAULT,DG 1 Run Hour,0,TDG0106,DG Meter (RH),0,0,0.00%,TRUE
Solar Sensor,SLAVE DEVICE FAULT,Tenant-1 Energy,2283.3,TDG0106,DC Energy (KWH),2211.77,71.53,3.13%,TRUE
System Controller Sensor,OK,Grid Run Hour,0,TDG0106,CP Meter (RH),0,0,0.00%,TRUE
Fuel Sensor,SLAVE DEVICE FAULT,,,TDG0106,,,,,
Li_Battery Sensor,SLAVE DEVICE FAULT,,,TDG0106,,,,,
