ACEM Sensor,OK,Battery run hours,376.83,TDG0268,Battery Meter (RH),376.24,0.59,0.16%,TRUE
DCEM Sensor,SLAVE DEVICE FAULT,DG 1 Energy,31109.1,TDG0268,DG (KWH),2440.8,28668.3,92.15%,FALSE
GCU Sensor,SLAVE DEVICE FAULT,DG 1 Run Hour,6049.95,TDG0268,DG Meter (RH),344.14,5705.81,94.31%,FALSE
Solar Sensor,SLAVE DEVICE FAULT,Tenant-1 Energy,2259.78,TDG0268,DC Energy (KWH),2255.09,4.69,0.21%,TRUE
System Controller Sensor,OK,Grid Run Hour,426.95,TDG0268,CP Meter (RH),0.1,426.85,99.98%,FALSE
Fuel Sensor,SLAVE DEVICE FAULT,,,TDG0268,,,,,
Li_Battery Sensor,SLAVE DEVICE FAULT,,,TDG0268,,,,,
