ACEM Sensor,OK,Battery run hours,417.12,TDG0689,Battery Meter (RH),416.66,0.46,0.11%,TRUE
DCEM Sensor,OK,DG 1 Energy,2361.5,TDG0689,DG (KWH),2357.4,4.1,0.17%,TRUE
GCU Sensor,SLAVE DEVICE FAULT,DG 1 Run Hour,322.05,TDG0689,DG Meter (RH),321.56,0.49,0.15%,TRUE
Solar Sensor,OK,Tenant-1 Energy,2137.23,TDG0689,DC Energy (KWH),2134.33,2.9,0.14%,TRUE
System Controller Sensor,OK,Grid Run Hour,0.26,TDG0689,CP Meter (RH),0.26,0,0.00%,TRUE
Fuel Sensor,OK,,,TDG0689,,,,,
Li_Battery Sensor,SLAVE DEVICE FAULT,,,TDG0689,,,,,
