ACEM Sensor,OK,Battery run hours,0,TDG0956,Battery Meter (RH),0,0,0.00%,TRUE
DCEM Sensor,SLAVE DEVICE FAULT,DG 1 Energy,1519.2,TDG0956,DG (KWH),1502,17.2,1.13%,TRUE
GCU Sensor,SLAVE DEVICE FAULT,DG 1 Run Hour,302.75,TDG0956,DG Meter (RH),299.3,3.45,1.14%,TRUE
Solar Sensor,SLAVE DEVICE FAULT,Tenant-1 Energy,0,TDG0956,DC Energy (KWH),0,0,0.00%,TRUE
System Controller Sensor,OK,Grid Run Hour,0.05,TDG0956,CP Meter (RH),0.05,0,0.00%,TRUE
Fuel Sensor,SLAVE DEVICE FAULT,,,TDG0956,,,,,
Li_Battery Sensor,SLAVE DEVICE FAULT,,,TDG0956,,,,,
