ACEM Sensor,OK,Battery run hours,388.6,TDG0686,Battery Meter (RH),376.44,12.16,3.13%,TRUE
DCEM Sensor,SLAVE DEVICE FAULT,DG 1 Energy,0,TDG0686,DG (KWH),0,0,0.00%,TRUE
GCU Sensor,SLAVE DEVICE FAULT,DG 1 Run Hour,0,TDG0686,DG Meter (RH),0,0,0.00%,TRUE
Solar Sensor,SLAVE DEVICE FAULT,Tenant-1 Energy,1017.54,TDG0686,DC Energy (KWH),983.84,33.7,3.31%,TRUE
System Controller Sensor,OK,Grid Run Hour,333.11,TDG0686,CP Meter (RH),319.95,13.16,3.95%,TRUE
Fuel Sensor,SLAVE DEVICE FAULT,,,TDG0686,,,,,
Li_Battery Sensor,SLAVE DEVICE FAULT,,,TDG0686,,,,,
