ACEM Sensor,OK,Battery run hours,184.95,TDG0674,Battery Meter (RH),179.72,5.23,2.83%,TRUE
DCEM Sensor,SLAVE DEVICE FAULT,DG 1 Energy,2446.6,TDG0674,DG (KWH),2379.9,66.7,2.73%,TRUE
GCU Sensor,SLAVE DEVICE FAULT,DG 1 Run Hour,524.44,TDG0674,DG Meter (RH),510.67,13.77,2.63%,TRUE
Solar Sensor,SLAVE DEVICE FAULT,Tenant-1 Energy,2359.25,TDG0674,DC Energy (KWH),2297.62,61.63,2.61%,TRUE
System Controller Sensor,OK,Grid Run Hour,25.06,TDG0674,CP Meter (RH),24.56,0.5,2.00%,TRUE
Fuel Sensor,SLAVE DEVICE FAULT,,,TDG0674,,,,,
Li_Battery Sensor,SLAVE DEVICE FAULT,,,TDG0674,,,,,
