ACEM Sensor,OK,Battery run hours,466.84,TDG0215,Battery Meter (RH),466.32,0.52,0.11%,TRUE
DCEM Sensor,OK,DG 1 Energy,1541.6,TDG0215,DG (KWH),1538.9,2.7,0.18%,TRUE
GCU Sensor,SLAVE DEVICE FAULT,DG 1 Run Hour,255.37,TDG0215,DG Meter (RH),254.8,0.57,0.22%,TRUE
Solar Sensor,OK,Tenant-1 Energy,1432.23,TDG0215,DC Energy (KWH),1432.23,0,0.00%,TRUE
System Controller Sensor,OK,Grid Run Hour,9.28,TDG0215,CP Meter (RH),9.28,0,0.00%,TRUE
Fuel Sensor,OK,,,TDG0215,,,,,
Li_Battery Sensor,OK,,,TDG0215,,,,,
