ACEM Sensor,OK,Battery run hours,417.94,TDG0584,Battery Meter (RH),411.5,6.44,1.54%,TRUE
DCEM Sensor,SLAVE DEVICE FAULT,DG 1 Energy,1421,TDG0584,DG (KWH),1405.3,15.7,1.10%,TRUE
GCU Sensor,SLAVE DEVICE FAULT,DG 1 Run Hour,304.34,TDG0584,DG Meter (RH),300.87,3.47,1.14%,TRUE
Solar Sensor,SLAVE DEVICE FAULT,Tenant-1 Energy,1255.64,TDG0584,DC Energy (KWH),1237.64,18,1.43%,TRUE
System Controller Sensor,OK,Grid Run Hour,0,TDG0584,CP Meter (RH),0,0,0.00%,TRUE
Fuel Sensor,SLAVE DEVICE FAULT,,,TDG0584,,,,,
Li_Battery Sensor,SLAVE DEVICE FAULT,,,TDG0584,,,,,
