ACEM Sensor,OK,Battery run hours,149.35,TDG0509,Battery Meter (RH),149.21,0.14,0.09%,TRUE
DCEM Sensor,OK,DG 1 Energy,4312.7,TDG0509,DG (KWH),4306.1,6.6,0.15%,TRUE
GCU Sensor,SLAVE DEVICE FAULT,DG 1 Run Hour,576.72,TDG0509,DG Meter (RH),575.85,0.87,0.15%,TRUE
Solar Sensor,OK,Tenant-1 Energy,3922.16,TDG0509,DC Energy (KWH),3916.93,5.23,0.13%,TRUE
System Controller Sensor,OK,Grid Run Hour,0.02,TDG0509,CP Meter (RH),0.02,0,0.00%,TRUE
Fuel Sensor,OK,,,TDG0509,,,,,
Li_Battery Sensor,OK,,,TDG0509,,,,,
