ACEM Sensor,OK,Battery run hours,181.47,TDG0665,Battery Meter (RH),178.94,2.53,1.39%,TRUE
DCEM Sensor,SLAVE DEVICE FAULT,DG 1 Energy,2632.3,TDG0665,DG (KWH),2554.5,77.8,2.96%,TRUE
GCU Sensor,SLAVE DEVICE FAULT,DG 1 Run Hour,503.29,TDG0665,DG Meter (RH),490.47,12.82,2.55%,TRUE
Solar Sensor,SLAVE DEVICE FAULT,Tenant-1 Energy,2635.13,TDG0665,DC Energy (KWH),2582.32,52.81,2.00%,TRUE
System Controller Sensor,OK,Grid Run Hour,53.98,TDG0665,CP Meter (RH),53.05,0.93,1.72%,TRUE
Fuel Sensor,SLAVE DEVICE FAULT,,,TDG0665,,,,,
Li_Battery Sensor,SLAVE DEVICE FAULT,,,TDG0665,,,,,
