ACEM Sensor,OK,Battery run hours,259.4,TDG0151,Battery Meter (RH),259.4,0,0.00%,TRUE
DCEM Sensor,OK,DG 1 Energy,4538.4,TDG0151,DG (KWH),4526.5,11.9,0.26%,TRUE
GCU Sensor,SLAVE DEVICE FAULT,DG 1 Run Hour,480.95,TDG0151,DG Meter (RH),479.87,1.08,0.22%,TRUE
Solar Sensor,OK,Tenant-1 Energy,11307.58,TDG0151,DC Energy (KWH),11287.23,20.35,0.18%,TRUE
System Controller Sensor,OK,Grid Run Hour,0.08,TDG0151,CP Meter (RH),0.08,0,0.00%,TRUE
Fuel Sensor,OK,,,TDG0151,,,,,
Li_Battery Sensor,OK,,,TDG0151,,,,,
