ACEM Sensor,OK,Battery run hours,124.96,TDG0547,Battery Meter (RH),124.52,0.44,0.35%,TRUE
DCEM Sensor,OK,DG 1 Energy,1951.1,TDG0547,DG (KWH),1951.1,0,0.00%,TRUE
GCU Sensor,SLAVE DEVICE FAULT,DG 1 Run Hour,398.95,TDG0547,DG Meter (RH),294562.26,-294163.31,-73734.38%,FALSE
Solar Sensor,OK,Tenant-1 Energy,1780.42,TDG0547,DC Energy (KWH),1778.77,1.65,0.09%,TRUE
System Controller Sensor,OK,Grid Run Hour,0.08,TDG0547,CP Meter (RH),139809.42,-139809.34,-174761675.00%,FALSE
Fuel Sensor,OK,,,TDG0547,,,,,
Li_Battery Sensor,OK,,,TDG0547,,,,,
