ACEM Sensor,OK,Battery run hours,344.65,TDG0272,Battery Meter (RH),338.96,5.69,1.65%,TRUE
DCEM Sensor,SLAVE DEVICE FAULT,DG 1 Energy,2121.7,TDG0272,DG (KWH),2053.9,67.8,3.20%,TRUE
GCU Sensor,SLAVE DEVICE FAULT,DG 1 Run Hour,378.55,TDG0272,DG Meter (RH),363.97,14.58,3.85%,TRUE
Solar Sensor,SLAVE DEVICE FAULT,Tenant-1 Energy,1946.58,TDG0272,DC Energy (KWH),1899.47,47.11,2.42%,TRUE
System Controller Sensor,OK,Grid Run Hour,0.09,TDG0272,CP Meter (RH),0.09,0,0.00%,TRUE
Fuel Sensor,SLAVE DEVICE FAULT,,,TDG0272,,,,,
Li_Battery Sensor,SLAVE DEVICE FAULT,,,TDG0272,,,,,
