ACEM Sensor,OK,Battery run hours,105,TDG0496,Battery Meter (RH),104.94,0.06,0.06%,TRUE
DCEM Sensor,OK,DG 1 Energy,4808.9,TDG0496,DG (KWH),4783.6,25.3,0.53%,TRUE
GCU Sensor,SLAVE DEVICE FAULT,DG 1 Run Hour,545.11,TDG0496,DG Meter (RH),542.38,2.73,0.50%,TRUE
Solar Sensor,OK,Tenant-1 Energy,4494.58,TDG0496,DC Energy (KWH),4478.23,16.35,0.36%,TRUE
System Controller Sensor,OK,Grid Run Hour,0.05,TDG0496,CP Meter (RH),0.05,0,0.00%,TRUE
Fuel Sensor,OK,,,TDG0496,,,,,
Li_Battery Sensor,SLAVE DEVICE FAULT,,,TDG0496,,,,,
