ACEM Sensor,OK,Battery run hours,149.98,TDG0208,Battery Meter (RH),149.52,0.46,0.31%,TRUE
DCEM Sensor,OK,DG 1 Energy,3029.7,TDG0208,DG (KWH),3026.8,2.9,0.10%,TRUE
GCU Sensor,SLAVE DEVICE FAULT,DG 1 Run Hour,577.37,TDG0208,DG Meter (RH),576.78,0.59,0.10%,TRUE
Solar Sensor,OK,Tenant-1 Energy,1572.91,TDG0208,DC Energy (KWH),1570.72,2.19,0.14%,TRUE
System Controller Sensor,OK,Grid Run Hour,0.18,TDG0208,CP Meter (RH),0.18,0,0.00%,TRUE
Fuel Sensor,OK,,,TDG0208,,,,,
Li_Battery Sensor,OK,,,TDG0208,,,,,
