ACEM Sensor,OK,Battery run hours,469.3,TDG0563,Battery Meter (RH),403.59,65.71,14.00%,FALSE
DCEM Sensor,SLAVE DEVICE FAULT,DG 1 Energy,0,TDG0563,DG (KWH),0,0,0.00%,TRUE
GCU Sensor,SLAVE DEVICE FAULT,DG 1 Run Hour,718.35,TDG0563,DG Meter (RH),613.1,105.25,14.65%,FALSE
Solar Sensor,SLAVE DEVICE FAULT,Tenant-1 Energy,1072.79,TDG0563,DC Energy (KWH),921.17,151.62,14.13%,FALSE
System Controller Sensor,OK,Grid Run Hour,0,TDG0563,CP Meter (RH),0,0,0.00%,TRUE
Fuel Sensor,SLAVE DEVICE FAULT,,,TDG0563,,,,,
Li_Battery Sensor,SLAVE DEVICE FAULT,,,TDG0563,,,,,
