ACEM Sensor,OK,Battery run hours,297.88,TDG0564,Battery Meter (RH),289.09,8.79,2.95%,TRUE
DCEM Sensor,SLAVE DEVICE FAULT,DG 1 Energy,1413.1,TDG0564,DG (KWH),1341.5,71.6,5.07%,TRUE
GCU Sensor,OK,DG 1 Run Hour,422.66,TDG0564,DG Meter (RH),400.59,22.07,5.22%,TRUE
Solar Sensor,SLAVE DEVICE FAULT,Tenant-1 Energy,1282.18,TDG0564,DC Energy (KWH),1233.03,49.15,3.83%,TRUE
System Controller Sensor,OK,Grid Run Hour,0.05,TDG0564,CP Meter (RH),0.05,0,0.00%,TRUE
Fuel Sensor,SLAVE DEVICE FAULT,,,TDG0564,,,,,
Li_Battery Sensor,SLAVE DEVICE FAULT,,,TDG0564,,,,,
