ACEM Sensor,OK,Battery run hours,24.85,TDG0183,Battery Meter (RH),23.99,0.86,3.46%,TRUE
DCEM Sensor,SLAVE DEVICE FAULT,DG 1 Energy,270.5,TDG0183,DG (KWH),269,1.5,0.55%,TRUE
GCU Sensor,SLAVE DEVICE FAULT,DG 1 Run Hour,47.92,TDG0183,DG Meter (RH),47.59,0.33,0.69%,TRUE
Solar Sensor,SLAVE DEVICE FAULT,Tenant-1 Energy,244.54,TDG0183,DC Energy (KWH),240.99,3.55,1.45%,TRUE
System Controller Sensor,OK,Grid Run Hour,0,TDG0183,CP Meter (RH),0,0,0.00%,TRUE
Fuel Sensor,SLAVE DEVICE FAULT,,,TDG0183,,,,,
Li_Battery Sensor,SLAVE DEVICE FAULT,,,TDG0183,,,,,
