ACEM Sensor,OK,Battery run hours,342.81,TDG0379,Battery Meter (RH),341.66,1.15,0.34%,TRUE
DCEM Sensor,OK,DG 1 Energy,2397.7,TDG0379,DG (KWH),2385,12.7,0.53%,TRUE
GCU Sensor,SLAVE DEVICE FAULT,DG 1 Run Hour,299.43,TDG0379,DG Meter (RH),297.88,1.55,0.52%,TRUE
Solar Sensor,OK,Tenant-1 Energy,2237.07,TDG0379,DC Energy (KWH),2226.71,10.36,0.46%,TRUE
System Controller Sensor,OK,Grid Run Hour,0.02,TDG0379,CP Meter (RH),0.02,0,0.00%,TRUE
Fuel Sensor,OK,,,TDG0379,,,,,
Li_Battery Sensor,OK,,,TDG0379,,,,,
