ACEM Sensor,OK,Battery run hours,254.55,TDG0673,Battery Meter (RH),251.62,2.93,1.15%,TRUE
DCEM Sensor,SLAVE DEVICE FAULT,DG 1 Energy,29.7,TDG0673,DG (KWH),29.5,0.2,0.67%,TRUE
GCU Sensor,SLAVE DEVICE FAULT,DG 1 Run Hour,6.13,TDG0673,DG Meter (RH),6.13,0,0.00%,TRUE
Solar Sensor,SLAVE DEVICE FAULT,Tenant-1 Energy,2073.79,TDG0673,DC Energy (KWH),2015.86,57.93,2.79%,TRUE
System Controller Sensor,OK,Grid Run Hour,449.1,TDG0673,CP Meter (RH),433.02,16.08,3.58%,TRUE
Fuel Sensor,SLAVE DEVICE FAULT,,,TDG0673,,,,,
Li_Battery Sensor,SLAVE DEVICE FAULT,,,TDG0673,,,,,
