ACEM Sensor,OK,Battery run hours,354.77,TDG0457,Battery Meter (RH),343.54,11.23,3.17%,TRUE
DCEM Sensor,SLAVE DEVICE FAULT,DG 1 Energy,1711.3,TDG0457,DG (KWH),1640.7,70.6,4.13%,TRUE
GCU Sensor,SLAVE DEVICE FAULT,DG 1 Run Hour,368.23,TDG0457,DG Meter (RH),353.65,14.58,3.96%,TRUE
Solar Sensor,SLAVE DEVICE FAULT,Tenant-1 Energy,1564.44,TDG0457,DC Energy (KWH),1514.03,50.41,3.22%,TRUE
System Controller Sensor,OK,Grid Run Hour,0.13,TDG0457,CP Meter (RH),0.13,0,0.00%,TRUE
Fuel Sensor,SLAVE DEVICE FAULT,,,TDG0457,,,,,
Li_Battery Sensor,SLAVE DEVICE FAULT,,,TDG0457,,,,,
