ACEM Sensor,OK,Battery run hours,635.02,TDG0200,Battery Meter (RH),327.22,307.8,48.47%,FALSE
DCEM Sensor,OK,DG 1 Energy,1725.3,TDG0200,DG (KWH),861,864.3,50.10%,FALSE
GCU Sensor,SLAVE DEVICE FAULT,DG 1 Run Hour,378.25,TDG0200,DG Meter (RH),181.79,196.46,51.94%,FALSE
Solar Sensor,OK,Tenant-1 Energy,1443.37,TDG0200,DC Energy (KWH),717.86,725.51,50.27%,FALSE
System Controller Sensor,OK,Grid Run Hour,0.05,TDG0200,CP Meter (RH),0,0.05,100.00%,FALSE
Fuel Sensor,OK,,,TDG0200,,,,,
Li_Battery Sensor,OK,,,TDG0200,,,,,
