ACEM Sensor,OK,Battery run hours,126.89,TDG0619,Battery Meter (RH),126.85,0.04,0.03%,TRUE
DCEM Sensor,OK,DG 1 Energy,4621.5,TDG0619,DG (KWH),4613.9,7.6,0.16%,TRUE
GCU Sensor,SLAVE DEVICE FAULT,DG 1 Run Hour,597.23,TDG0619,DG Meter (RH),596.2,1.03,0.17%,TRUE
Solar Sensor,OK,Tenant-1 Energy,2621.65,TDG0619,DC Energy (KWH),2617.77,3.88,0.15%,TRUE
System Controller Sensor,OK,Grid Run Hour,0.18,TDG0619,CP Meter (RH),0.18,0,0.00%,TRUE
Fuel Sensor,OK,,,TDG0619,,,,,
Li_Battery Sensor,OK,,,TDG0619,,,,,
