ACEM Sensor,SLAVE DEVICE FAULT,Battery run hours,34.1,TDG0952,Battery Meter (RH),34.07,0.03,0.09%,TRUE
DCEM Sensor,SLAVE DEVICE FAULT,DG 1 Energy,0,TDG0952,DG (KWH),0,0,0.00%,TRUE
GCU Sensor,SLAVE DEVICE FAULT,DG 1 Run Hour,0,TDG0952,DG Meter (RH),0,0,0.00%,TRUE
Solar Sensor,SLAVE DEVICE FAULT,Tenant-1 Energy,1728.97,TDG0952,DC Energy (KWH),1714.44,14.53,0.84%,TRUE
System Controller Sensor,OK,Grid Run Hour,688.2,TDG0952,CP Meter (RH),682.73,5.47,0.79%,TRUE
Fuel Sensor,SLAVE DEVICE FAULT,,,TDG0952,,,,,
Li_Battery Sensor,SLAVE DEVICE FAULT,,,TDG0952,,,,,
