ACEM Sensor,OK,Battery run hours,267.96,TDG0940,Battery Meter (RH),260.85,7.11,2.65%,TRUE
DCEM Sensor,SLAVE DEVICE FAULT,DG 1 Energy,1184.9,TDG0940,DG (KWH),1121.8,63.1,5.33%,TRUE
GCU Sensor,SLAVE DEVICE FAULT,DG 1 Run Hour,452.44,TDG0940,DG Meter (RH),429.39,23.05,5.09%,TRUE
Solar Sensor,SLAVE DEVICE FAULT,Tenant-1 Energy,1022.5,TDG0940,DC Energy (KWH),982.19,40.31,3.94%,TRUE
System Controller Sensor,OK,Grid Run Hour,0.15,TDG0940,CP Meter (RH),0.15,0,0.00%,TRUE
Fuel Sensor,SLAVE DEVICE FAULT,,,TDG0940,,,,,
Li_Battery Sensor,SLAVE DEVICE FAULT,,,TDG0940,,,,,
