ACEM Sensor,SLAVE DEVICE FAULT,Battery run hours,719.04,TDG0739,Battery Meter (RH),653.7,65.34,9.09%,TRUE
DCEM Sensor,SLAVE DEVICE FAULT,DG 1 Energy,0,TDG0739,DG (KWH),0,0,0.00%,TRUE
GCU Sensor,SLAVE DEVICE FAULT,DG 1 Run Hour,0,TDG0739,DG Meter (RH),0,0,0.00%,TRUE
Solar Sensor,SLAVE DEVICE FAULT,Tenant-1 Energy,992.6,TDG0739,DC Energy (KWH),927.06,65.54,6.60%,TRUE
System Controller Sensor,OK,Grid Run Hour,0,TDG0739,CP Meter (RH),0,0,0.00%,TRUE
Fuel Sensor,SLAVE DEVICE FAULT,,,TDG0739,,,,,
Li_Battery Sensor,SLAVE DEVICE FAULT,,,TDG0739,,,,,
