ACEM Sensor,OK,Battery run hours,190.45,TDG0129,Battery Meter (RH),190.02,0.43,0.23%,TRUE
DCEM Sensor,OK,DG 1 Energy,3297.1,TDG0129,DG (KWH),3293.9,3.2,0.10%,TRUE
GCU Sensor,SLAVE DEVICE FAULT,DG 1 Run Hour,438.22,TDG0129,DG Meter (RH),437.79,0.43,0.10%,TRUE
Solar Sensor,OK,Tenant-1 Energy,3046.92,TDG0129,DC Energy (KWH),3045.46,1.46,0.05%,TRUE
System Controller Sensor,OK,Grid Run Hour,0.37,TDG0129,CP Meter (RH),0.37,0,0.00%,TRUE
Fuel Sensor,OK,,,TDG0129,,,,,
Li_Battery Sensor,OK,,,TDG0129,,,,,
