ACEM Sensor,OK,Battery run hours,347.77,TDG0846,Battery Meter (RH),342.76,5.01,1.44%,TRUE
DCEM Sensor,OK,DG 1 Energy,2503.6,TDG0846,DG (KWH),2448.7,54.9,2.19%,TRUE
GCU Sensor,SLAVE DEVICE FAULT,DG 1 Run Hour,385.49,TDG0846,DG Meter (RH),376.89,8.6,2.23%,TRUE
Solar Sensor,OK,Tenant-1 Energy,2312.42,TDG0846,DC Energy (KWH),2268.95,43.47,1.88%,TRUE
System Controller Sensor,OK,Grid Run Hour,0.08,TDG0846,CP Meter (RH),0.08,0,0.00%,TRUE
Fuel Sensor,OK,,,TDG0846,,,,,
Li_Battery Sensor,OK,,,TDG0846,,,,,
