ACEM Sensor,OK,Battery run hours,136.59,TDG0612,Battery Meter (RH),136.41,0.18,0.13%,TRUE
DCEM Sensor,OK,DG 1 Energy,5244,TDG0612,DG (KWH),5235.68,8.32,0.16%,TRUE
GCU Sensor,SLAVE DEVICE FAULT,DG 1 Run Hour,598.7,TDG0612,DG Meter (RH),597.69,1.01,0.17%,TRUE
Solar Sensor,OK,Tenant-1 Energy,4813.94,TDG0612,DC Energy (KWH),4808.88,5.06,0.11%,TRUE
System Controller Sensor,OK,Grid Run Hour,0.05,TDG0612,CP Meter (RH),0.05,0,0.00%,TRUE
Fuel Sensor,OK,,,TDG0612,,,,,
Li_Battery Sensor,SLAVE DEVICE FAULT,,,TDG0612,,,,,
