ACEM Sensor,OK,Battery run hours,3.83,TDG0280,Battery Meter (RH),3.83,0,0.00%,TRUE
DCEM Sensor,SLAVE DEVICE FAULT,DG 1 Energy,39.4,TDG0280,DG (KWH),37.5,1.9,4.82%,TRUE
GCU Sensor,SLAVE DEVICE FAULT,DG 1 Run Hour,7.55,TDG0280,DG Meter (RH),7.25,0.3,3.97%,TRUE
Solar Sensor,SLAVE DEVICE FAULT,Tenant-1 Energy,28.08,TDG0280,DC Energy (KWH),27.35,0.73,2.60%,TRUE
System Controller Sensor,OK,Grid Run Hour,0,TDG0280,CP Meter (RH),0,0,0.00%,TRUE
Fuel Sensor,SLAVE DEVICE FAULT,,,TDG0280,,,,,
Li_Battery Sensor,SLAVE DEVICE FAULT,,,TDG0280,,,,,
