ACEM Sensor,OK,Battery run hours,293.84,TDG0511,Battery Meter (RH),283.82,10.02,3.41%,TRUE
DCEM Sensor,SLAVE DEVICE FAULT,DG 1 Energy,65302.8,TDG0511,DG (KWH),3511.8,61791,94.62%,FALSE
GCU Sensor,SLAVE DEVICE FAULT,DG 1 Run Hour,8544.56,TDG0511,DG Meter (RH),410.3,8134.26,95.20%,FALSE
Solar Sensor,SLAVE DEVICE FAULT,Tenant-1 Energy,15607.22,TDG0511,DC Energy (KWH),14978.08,629.14,4.03%,TRUE
System Controller Sensor,OK,Grid Run Hour,4.52,TDG0511,CP Meter (RH),0.1,4.42,97.79%,FALSE
Fuel Sensor,SLAVE DEVICE FAULT,,,TDG0511,,,,,
Li_Battery Sensor,SLAVE DEVICE FAULT,,,TDG0511,,,,,
