ACEM Sensor,OK,Battery run hours,352.92,TDG0209,Battery Meter (RH),166.96,185.96,52.69%,FALSE
DCEM Sensor,OK,DG 1 Energy,1624.1,TDG0209,DG (KWH),781,843.1,51.91%,FALSE
GCU Sensor,SLAVE DEVICE FAULT,DG 1 Run Hour,339.23,TDG0209,DG Meter (RH),156.68,182.55,53.81%,FALSE
Solar Sensor,OK,Tenant-1 Energy,1389.17,TDG0209,DC Energy (KWH),651.42,737.75,53.11%,FALSE
System Controller Sensor,OK,Grid Run Hour,0.15,TDG0209,CP Meter (RH),0.14,0.01,6.67%,TRUE
Fuel Sensor,OK,,,TDG0209,,,,,
Li_Battery Sensor,SLAVE DEVICE FAULT,,,TDG0209,,,,,
