ACEM Sensor,OK,Battery run hours,196.62,TDG0600,Battery Meter (RH),196.35,0.27,0.14%,TRUE
DCEM Sensor,OK,DG 1 Energy,3986.3,TDG0600,DG (KWH),3980.8,5.5,0.14%,TRUE
GCU Sensor,SLAVE DEVICE FAULT,DG 1 Run Hour,522.4,TDG0600,DG Meter (RH),521.74,0.66,0.13%,TRUE
Solar Sensor,OK,Tenant-1 Energy,2610.55,TDG0600,DC Energy (KWH),2607.26,3.29,0.13%,TRUE
System Controller Sensor,OK,Grid Run Hour,0.01,TDG0600,CP Meter (RH),0.01,0,0.00%,TRUE
Fuel Sensor,OK,,,TDG0600,,,,,
Li_Battery Sensor,SLAVE DEVICE FAULT,,,TDG0600,,,,,
