ACEM Sensor,OK,Battery run hours,199.13,TDG0608,Battery Meter (RH),192.06,7.07,3.55%,TRUE
DCEM Sensor,SLAVE DEVICE FAULT,DG 1 Energy,4818.1,TDG0608,DG (KWH),4666.41,151.69,3.15%,TRUE
GCU Sensor,SLAVE DEVICE FAULT,DG 1 Run Hour,514.48,TDG0608,DG Meter (RH),496.24,18.24,3.55%,TRUE
Solar Sensor,SLAVE DEVICE FAULT,Tenant-1 Energy,4504.48,TDG0608,DC Energy (KWH),4360.31,144.17,3.20%,TRUE
System Controller Sensor,OK,Grid Run Hour,0.08,TDG0608,CP Meter (RH),0.08,0,0.00%,TRUE
Fuel Sensor,SLAVE DEVICE FAULT,,,TDG0608,,,,,
Li_Battery Sensor,SLAVE DEVICE FAULT,,,TDG0608,,,,,
