ACEM Sensor,OK,Battery run hours,178.98,TDG0611,Battery Meter (RH),178.98,0,0.00%,TRUE
DCEM Sensor,OK,DG 1 Energy,3081.3,TDG0611,DG (KWH),3076.2,5.1,0.17%,TRUE
GCU Sensor,SLAVE DEVICE FAULT,DG 1 Run Hour,535.15,TDG0611,DG Meter (RH),534.26,0.89,0.17%,TRUE
Solar Sensor,OK,Tenant-1 Energy,2929.18,TDG0611,DC Energy (KWH),2925.53,3.65,0.12%,TRUE
System Controller Sensor,OK,Grid Run Hour,0.03,TDG0611,CP Meter (RH),0.03,0,0.00%,TRUE
Fuel Sensor,OK,,,TDG0611,,,,,
Li_Battery Sensor,SLAVE DEVICE FAULT,,,TDG0611,,,,,
