ACEM Sensor,OK,Battery run hours,218.47,TDG0128,Battery Meter (RH),216.8,1.67,0.76%,TRUE
DCEM Sensor,SLAVE DEVICE FAULT,DG 1 Energy,3298.2,TDG0128,DG (KWH),3074.3,223.9,6.79%,TRUE
GCU Sensor,SLAVE DEVICE FAULT,DG 1 Run Hour,510.08,TDG0128,DG Meter (RH),473.46,36.62,7.18%,TRUE
Solar Sensor,SLAVE DEVICE FAULT,Tenant-1 Energy,2121.88,TDG0128,DC Energy (KWH),2022.76,99.12,4.67%,TRUE
System Controller Sensor,OK,Grid Run Hour,0.03,TDG0128,CP Meter (RH),0.03,0,0.00%,TRUE
Fuel Sensor,SLAVE DEVICE FAULT,,,TDG0128,,,,,
Li_Battery Sensor,SLAVE DEVICE FAULT,,,TDG0128,,,,,
