ACEM Sensor,SLAVE DEVICE FAULT,Battery run hours,259.63,TDG0675,Battery Meter (RH),258.09,1.54,0.59%,TRUE
DCEM Sensor,SLAVE DEVICE FAULT,DG 1 Energy,1750.8,TDG0675,DG (KWH),1632.2,118.6,6.77%,TRUE
GCU Sensor,SLAVE DEVICE FAULT,DG 1 Run Hour,474.93,TDG0675,DG Meter (RH),449.16,25.77,5.43%,TRUE
Solar Sensor,SLAVE DEVICE FAULT,Tenant-1 Energy,1593.46,TDG0675,DC Energy (KWH),1529.13,64.33,4.04%,TRUE
System Controller Sensor,OK,Grid Run Hour,0.05,TDG0675,CP Meter (RH),0.05,0,0.00%,TRUE
Fuel Sensor,SLAVE DEVICE FAULT,,,TDG0675,,,,,
Li_Battery Sensor,SLAVE DEVICE FAULT,,,TDG0675,,,,,
