ACEM Sensor,SLAVE DEVICE FAULT,Battery run hours,214.56,TDG0727,Battery Meter (RH),214.06,0.5,0.23%,TRUE
DCEM Sensor,SLAVE DEVICE FAULT,DG 1 Energy,2236.3,TDG0727,DG (KWH),2145.7,90.6,4.05%,TRUE
GCU Sensor,SLAVE DEVICE FAULT,DG 1 Run Hour,501.03,TDG0727,DG Meter (RH),482.15,18.88,3.77%,TRUE
Solar Sensor,SLAVE DEVICE FAULT,Tenant-1 Energy,2050.36,TDG0727,DC Energy (KWH),2005.94,44.42,2.17%,TRUE
System Controller Sensor,OK,Grid Run Hour,0.05,TDG0727,CP Meter (RH),0.05,0,0.00%,TRUE
Fuel Sensor,SLAVE DEVICE FAULT,,,TDG0727,,,,,
Li_Battery Sensor,SLAVE DEVICE FAULT,,,TDG0727,,,,,
