ACEM Sensor,OK,Battery run hours,229.27,TDG0222,Battery Meter (RH),227.87,1.4,0.61%,TRUE
DCEM Sensor,SLAVE DEVICE FAULT,DG 1 Energy,2675.6,TDG0222,DG (KWH),2556.2,119.4,4.46%,TRUE
GCU Sensor,SLAVE DEVICE FAULT,DG 1 Run Hour,493.2,TDG0222,DG Meter (RH),474.28,18.92,3.84%,TRUE
Solar Sensor,SLAVE DEVICE FAULT,Tenant-1 Energy,2442.76,TDG0222,DC Energy (KWH),2383.8,58.96,2.41%,TRUE
System Controller Sensor,OK,Grid Run Hour,0.53,TDG0222,CP Meter (RH),0.53,0,0.00%,TRUE
Fuel Sensor,SLAVE DEVICE FAULT,,,TDG0222,,,,,
Li_Battery Sensor,SLAVE DEVICE FAULT,,,TDG0222,,,,,
