ACEM Sensor,OK,Battery run hours,294.24,TDG0162,Battery Meter (RH),293.93,0.31,0.11%,TRUE
DCEM Sensor,OK,DG 1 Energy,3256.2,TDG0162,DG (KWH),3169.6,86.6,2.66%,TRUE
GCU Sensor,SLAVE DEVICE FAULT,DG 1 Run Hour,420.77,TDG0162,DG Meter (RH),409.76,11.01,2.62%,TRUE
Solar Sensor,OK,Tenant-1 Energy,3013.24,TDG0162,DC Energy (KWH),2925.07,88.17,2.93%,TRUE
System Controller Sensor,OK,Grid Run Hour,0.07,TDG0162,CP Meter (RH),0.07,0,0.00%,TRUE
Fuel Sensor,OK,,,TDG0162,,,,,
Li_Battery Sensor,OK,,,TDG0162,,,,,
