ACEM Sensor,OK,Battery run hours,187.03,TDG0231,Battery Meter (RH),186.82,0.21,0.11%,TRUE
DCEM Sensor,OK,DG 1 Energy,3351.9,TDG0231,DG (KWH),3347,4.9,0.15%,TRUE
GCU Sensor,SLAVE DEVICE FAULT,DG 1 Run Hour,518.45,TDG0231,DG Meter (RH),517.76,0.69,0.13%,TRUE
Solar Sensor,OK,Tenant-1 Energy,3210.61,TDG0231,DC Energy (KWH),3204.46,6.15,0.19%,TRUE
System Controller Sensor,OK,Grid Run Hour,18.02,TDG0231,CP Meter (RH),17.92,0.1,0.55%,TRUE
Fuel Sensor,OK,,,TDG0231,,,,,
Li_Battery Sensor,SLAVE DEVICE FAULT,,,TDG0231,,,,,
