ACEM Sensor,OK,Battery run hours,439.41,TDG0475,Battery Meter (RH),425.39,14.02,3.19%,TRUE
DCEM Sensor,SLAVE DEVICE FAULT,DG 1 Energy,1490.8,TDG0475,DG (KWH),1477.9,12.9,0.87%,TRUE
GCU Sensor,SLAVE DEVICE FAULT,DG 1 Run Hour,267.02,TDG0475,DG Meter (RH),264.87,2.15,0.81%,TRUE
Solar Sensor,SLAVE DEVICE FAULT,Tenant-1 Energy,1342.11,TDG0475,DC Energy (KWH),1313.84,28.27,2.11%,TRUE
System Controller Sensor,OK,Grid Run Hour,0.11,TDG0475,CP Meter (RH),0.1,0.01,9.09%,TRUE
Fuel Sensor,SLAVE DEVICE FAULT,,,TDG0475,,,,,
Li_Battery Sensor,SLAVE DEVICE FAULT,,,TDG0475,,,,,
