ACEM Sensor,OK,Battery run hours,381.1,TDG0100,Battery Meter (RH),380.51,0.59,0.15%,TRUE
DCEM Sensor,SLAVE DEVICE FAULT,DG 1 Energy,3738.5,TDG0100,DG (KWH),3732.4,6.1,0.16%,TRUE
GCU Sensor,SLAVE DEVICE FAULT,DG 1 Run Hour,341.58,TDG0100,DG Meter (RH),341.01,0.57,0.17%,TRUE
Solar Sensor,SLAVE DEVICE FAULT,Tenant-1 Energy,3446.86,TDG0100,DC Energy (KWH),3441.72,5.14,0.15%,TRUE
System Controller Sensor,OK,Grid Run Hour,0.09,TDG0100,CP Meter (RH),0.09,0,0.00%,TRUE
Fuel Sensor,SLAVE DEVICE FAULT,,,TDG0100,,,,,
Li_Battery Sensor,SLAVE DEVICE FAULT,,,TDG0100,,,,,
