ACEM Sensor,SLAVE DEVICE FAULT,Battery run hours,138.37,TDG0667,Battery Meter (RH),138.22,0.15,0.11%,TRUE
DCEM Sensor,SLAVE DEVICE FAULT,DG 1 Energy,0,TDG0667,DG (KWH),0,0,0.00%,TRUE
GCU Sensor,SLAVE DEVICE FAULT,DG 1 Run Hour,0,TDG0667,DG Meter (RH),0,0,0.00%,TRUE
Solar Sensor,SLAVE DEVICE FAULT,Tenant-1 Energy,1430.76,TDG0667,DC Energy (KWH),1428.87,1.89,0.13%,TRUE
System Controller Sensor,SLAVE DEVICE FAULT,Grid Run Hour,0,TDG0667,CP Meter (RH),0,0,0.00%,TRUE
Fuel Sensor,SLAVE DEVICE FAULT,,,TDG0667,,,,,
Li_Battery Sensor,SLAVE DEVICE FAULT,,,TDG0667,,,,,
