ACEM Sensor,OK,Battery run hours,292.65,TDG0748,Battery Meter (RH),292.27,0.38,0.13%,TRUE
DCEM Sensor,OK,DG 1 Energy,2912.4,TDG0748,DG (KWH),2908.9,3.5,0.12%,TRUE
GCU Sensor,SLAVE DEVICE FAULT,DG 1 Run Hour,465.93,TDG0748,DG Meter (RH),465.41,0.52,0.11%,TRUE
Solar Sensor,OK,Tenant-1 Energy,2733.86,TDG0748,DC Energy (KWH),2732.5,1.36,0.05%,TRUE
System Controller Sensor,OK,Grid Run Hour,0.08,TDG0748,CP Meter (RH),0.08,0,0.00%,TRUE
Fuel Sensor,OK,,,TDG0748,,,,,
Li_Battery Sensor,OK,,,TDG0748,,,,,
