ACEM Sensor,OK,Battery run hours,60.96,TDG0817,Battery Meter (RH),60.72,0.24,0.39%,TRUE
DCEM Sensor,OK,DG 1 Energy,4299.5,TDG0817,DG (KWH),2361.9,1937.6,45.07%,FALSE
GCU Sensor,OK,DG 1 Run Hour,523.55,TDG0817,DG Meter (RH),274,249.55,47.66%,FALSE
Solar Sensor,OK,Tenant-1 Energy,11575.06,TDG0817,DC Energy (KWH),5955.4,5619.66,48.55%,FALSE
System Controller Sensor,OK,Grid Run Hour,0.09,TDG0817,CP Meter (RH),0.07,0.02,22.22%,FALSE
Fuel Sensor,OK,,,TDG0817,,,,,
Li_Battery Sensor,SLAVE DEVICE FAULT,,,TDG0817,,,,,
