ACEM Sensor,OK,Battery run hours,228.01,TDG0368,Battery Meter (RH),228.01,0,0.00%,TRUE
DCEM Sensor,OK,DG 1 Energy,3290.3,TDG0368,DG (KWH),3281.9,8.4,0.26%,TRUE
GCU Sensor,SLAVE DEVICE FAULT,DG 1 Run Hour,510.25,TDG0368,DG Meter (RH),509.4,0.85,0.17%,TRUE
Solar Sensor,OK,Tenant-1 Energy,1545.28,TDG0368,DC Energy (KWH),1545.06,0.22,0.01%,TRUE
System Controller Sensor,OK,Grid Run Hour,0.09,TDG0368,CP Meter (RH),0.09,0,0.00%,TRUE
Fuel Sensor,OK,,,TDG0368,,,,,
Li_Battery Sensor,SLAVE DEVICE FAULT,,,TDG0368,,,,,
