ACEM Sensor,OK,Battery run hours,383.45,TDG0230,Battery Meter (RH),186.32,197.13,51.41%,FALSE
DCEM Sensor,OK,DG 1 Energy,1861.7,TDG0230,DG (KWH),877.8,983.9,52.85%,FALSE
GCU Sensor,SLAVE DEVICE FAULT,DG 1 Run Hour,327.31,TDG0230,DG Meter (RH),155.84,171.47,52.39%,FALSE
Solar Sensor,OK,Tenant-1 Energy,1685.31,TDG0230,DC Energy (KWH),799.3,886.01,52.57%,FALSE
System Controller Sensor,OK,Grid Run Hour,0.01,TDG0230,CP Meter (RH),0,0.01,100.00%,FALSE
Fuel Sensor,OK,,,TDG0230,,,,,
Li_Battery Sensor,OK,,,TDG0230,,,,,
