ACEM Sensor,OK,Battery run hours,314.32,TDG0781,Battery Meter (RH),313.92,0.4,0.13%,TRUE
DCEM Sensor,SLAVE DEVICE FAULT,DG 1 Energy,364.7,TDG0781,DG (KWH),363.5,1.2,0.33%,TRUE
GCU Sensor,SLAVE DEVICE FAULT,DG 1 Run Hour,410.12,TDG0781,DG Meter (RH),408.86,1.26,0.31%,TRUE
Solar Sensor,SLAVE DEVICE FAULT,Tenant-1 Energy,1164.65,TDG0781,DC Energy (KWH),1161.9,2.75,0.24%,TRUE
System Controller Sensor,OK,Grid Run Hour,0,TDG0781,CP Meter (RH),0,0,0.00%,TRUE
Fuel Sensor,SLAVE DEVICE FAULT,,,TDG0781,,,,,
Li_Battery Sensor,SLAVE DEVICE FAULT,,,TDG0781,,,,,
