ACEM Sensor,OK,Battery run hours,476.18,TDG0307,Battery Meter (RH),475.35,0.83,0.17%,TRUE
DCEM Sensor,OK,DG 1 Energy,1488.8,TDG0307,DG (KWH),1487.8,1,0.07%,TRUE
GCU Sensor,SLAVE DEVICE FAULT,DG 1 Run Hour,261.33,TDG0307,DG Meter (RH),261.09,0.24,0.09%,TRUE
Solar Sensor,OK,Tenant-1 Energy,1335,TDG0307,DC Energy (KWH),1331.96,3.04,0.23%,TRUE
System Controller Sensor,OK,Grid Run Hour,0.06,TDG0307,CP Meter (RH),0.06,0,0.00%,TRUE
Fuel Sensor,OK,,,TDG0307,,,,,
Li_Battery Sensor,OK,,,TDG0307,,,,,
