ACEM Sensor,OK,Battery run hours,392.02,TDG0548,Battery Meter (RH),338.09,53.93,13.76%,FALSE
DCEM Sensor,SLAVE DEVICE FAULT,DG 1 Energy,94.9,TDG0548,DG (KWH),94.9,0,0.00%,TRUE
GCU Sensor,SLAVE DEVICE FAULT,DG 1 Run Hour,25.6,TDG0548,DG Meter (RH),25.6,0,0.00%,TRUE
Solar Sensor,SLAVE DEVICE FAULT,Tenant-1 Energy,1170,TDG0548,DC Energy (KWH),1089.9,80.1,6.85%,TRUE
System Controller Sensor,OK,Grid Run Hour,305.91,TDG0548,CP Meter (RH),278.96,26.95,8.81%,TRUE
Fuel Sensor,SLAVE DEVICE FAULT,,,TDG0548,,,,,
Li_Battery Sensor,SLAVE DEVICE FAULT,,,TDG0548,,,,,
