ACEM Sensor,OK,Battery run hours,76.17,TDG0622,Battery Meter (RH),76.17,0,0.00%,TRUE
DCEM Sensor,OK,DG 1 Energy,5395.5,TDG0622,DG (KWH),5388.3,7.2,0.13%,TRUE
GCU Sensor,SLAVE DEVICE FAULT,DG 1 Run Hour,649.42,TDG0622,DG Meter (RH),648.56,0.86,0.13%,TRUE
Solar Sensor,OK,Tenant-1 Energy,3543.43,TDG0622,DC Energy (KWH),3541.41,2.02,0.06%,TRUE
System Controller Sensor,OK,Grid Run Hour,0.76,TDG0622,CP Meter (RH),0.76,0,0.00%,TRUE
Fuel Sensor,OK,,,TDG0622,,,,,
Li_Battery Sensor,OK,,,TDG0622,,,,,
