ACEM Sensor,OK,Battery run hours,324.15,TDG0678,Battery Meter (RH),301.32,22.83,7.04%,TRUE
DCEM Sensor,SLAVE DEVICE FAULT,DG 1 Energy,1221.9,TDG0678,DG (KWH),1158.1,63.8,5.22%,TRUE
GCU Sensor,SLAVE DEVICE FAULT,DG 1 Run Hour,379.33,TDG0678,DG Meter (RH),358.74,20.59,5.43%,TRUE
Solar Sensor,SLAVE DEVICE FAULT,Tenant-1 Energy,1048.08,TDG0678,DC Energy (KWH),988.66,59.42,5.67%,TRUE
System Controller Sensor,OK,Grid Run Hour,0.06,TDG0678,CP Meter (RH),0.04,0.02,33.33%,FALSE
Fuel Sensor,SLAVE DEVICE FAULT,,,TDG0678,,,,,
Li_Battery Sensor,SLAVE DEVICE FAULT,,,TDG0678,,,,,
