ACEM Sensor,OK,Battery run hours,275.01,TDG0235,Battery Meter (RH),274.97,0.04,0.01%,TRUE
DCEM Sensor,OK,DG 1 Energy,29278.8,TDG0235,DG (KWH),3398.5,25880.3,88.39%,FALSE
GCU Sensor,SLAVE DEVICE FAULT,DG 1 Run Hour,3937.52,TDG0235,DG Meter (RH),453.48,3484.04,88.48%,FALSE
Solar Sensor,OK,Tenant-1 Energy,3090.83,TDG0235,DC Energy (KWH),3082.03,8.8,0.28%,TRUE
System Controller Sensor,OK,Grid Run Hour,3651.93,TDG0235,CP Meter (RH),0.03,3651.9,100.00%,FALSE
Fuel Sensor,OK,,,TDG0235,,,,,
Li_Battery Sensor,OK,,,TDG0235,,,,,
