ACEM Sensor,OK,Battery run hours,8.79,TDG0626,Battery Meter (RH),8.76,0.03,0.34%,TRUE
DCEM Sensor,OK,DG 1 Energy,3551.8,TDG0626,DG (KWH),3545.3,6.5,0.18%,TRUE
GCU Sensor,SLAVE DEVICE FAULT,DG 1 Run Hour,676.25,TDG0626,DG Meter (RH),675.29,0.96,0.14%,TRUE
Solar Sensor,OK,Tenant-1 Energy,3015.27,TDG0626,DC Energy (KWH),3007.24,8.03,0.27%,TRUE
System Controller Sensor,OK,Grid Run Hour,0.05,TDG0626,CP Meter (RH),0.05,0,0.00%,TRUE
Fuel Sensor,OK,,,TDG0626,,,,,
Li_Battery Sensor,OK,,,TDG0626,,,,,
