ACEM Sensor,OK,Battery run hours,55,TDG0500,Battery Meter (RH),50.35,4.65,8.45%,TRUE
DCEM Sensor,SLAVE DEVICE FAULT,DG 1 Energy,234.3,TDG0500,DG (KWH),209.1,25.2,10.76%,FALSE
GCU Sensor,SLAVE DEVICE FAULT,DG 1 Run Hour,32.65,TDG0500,DG Meter (RH),29.19,3.46,10.60%,FALSE
Solar Sensor,SLAVE DEVICE FAULT,Tenant-1 Energy,224.69,TDG0500,DC Energy (KWH),204.76,19.93,8.87%,TRUE
System Controller Sensor,OK,Grid Run Hour,0,TDG0500,CP Meter (RH),0,0,0.00%,TRUE
Fuel Sensor,SLAVE DEVICE FAULT,,,TDG0500,,,,,
Li_Battery Sensor,SLAVE DEVICE FAULT,,,TDG0500,,,,,
