ACEM Sensor,OK,Battery run hours,43.65,TDG0237,Battery Meter (RH),43.65,0,0.00%,TRUE
DCEM Sensor,OK,DG 1 Energy,9594.89,TDG0237,DG (KWH),9580.1,14.79,0.15%,TRUE
GCU Sensor,SLAVE DEVICE FAULT,DG 1 Run Hour,672.98,TDG0237,DG Meter (RH),671.96,1.02,0.15%,TRUE
Solar Sensor,OK,Tenant-1 Energy,8958.62,TDG0237,DC Energy (KWH),8950.34,8.28,0.09%,TRUE
System Controller Sensor,OK,Grid Run Hour,0.07,TDG0237,CP Meter (RH),0.07,0,0.00%,TRUE
Fuel Sensor,OK,,,TDG0237,,,,,
Li_Battery Sensor,OK,,,TDG0237,,,,,
