ACEM Sensor,SLAVE DEVICE FAULT,Battery run hours,206.26,TDG0955,Battery Meter (RH),199.42,6.84,3.32%,TRUE
DCEM Sensor,SLAVE DEVICE FAULT,DG 1 Energy,0,TDG0955,DG (KWH),0,0,0.00%,TRUE
GCU Sensor,SLAVE DEVICE FAULT,DG 1 Run Hour,0,TDG0955,DG Meter (RH),0,0,0.00%,TRUE
Solar Sensor,SLAVE DEVICE FAULT,Tenant-1 Energy,1885.11,TDG0955,DC Energy (KWH),1811.87,73.24,3.89%,TRUE
System Controller Sensor,OK,Grid Run Hour,550.9,TDG0955,CP Meter (RH),528.59,22.31,4.05%,TRUE
Fuel Sensor,SLAVE DEVICE FAULT,,,TDG0955,,,,,
Li_Battery Sensor,SLAVE DEVICE FAULT,,,TDG0955,,,,,
