ACEM Sensor,OK,Battery run hours,422.66,TDG0217,Battery Meter (RH),422.18,0.48,0.11%,TRUE
DCEM Sensor,OK,DG 1 Energy,2219.1,TDG0217,DG (KWH),2215.2,3.9,0.18%,TRUE
GCU Sensor,SLAVE DEVICE FAULT,DG 1 Run Hour,300.09,TDG0217,DG Meter (RH),299.6,0.49,0.16%,TRUE
Solar Sensor,OK,Tenant-1 Energy,1367.13,TDG0217,DC Energy (KWH),1366.2,0.93,0.07%,TRUE
System Controller Sensor,OK,Grid Run Hour,0.05,TDG0217,CP Meter (RH),0.05,0,0.00%,TRUE
Fuel Sensor,OK,,,TDG0217,,,,,
Li_Battery Sensor,OK,,,TDG0217,,,,,
