ACEM Sensor,OK,Battery run hours,408.62,TDG0470,Battery Meter (RH),389.82,18.8,4.60%,TRUE
DCEM Sensor,SLAVE DEVICE FAULT,DG 1 Energy,0,TDG0470,DG (KWH),0,0,0.00%,TRUE
GCU Sensor,SLAVE DEVICE FAULT,DG 1 Run Hour,0,TDG0470,DG Meter (RH),0,0,0.00%,TRUE
Solar Sensor,SLAVE DEVICE FAULT,Tenant-1 Energy,97.12,TDG0470,DC Energy (KWH),94.41,2.71,2.79%,TRUE
System Controller Sensor,OK,Grid Run Hour,307.41,TDG0470,CP Meter (RH),293.92,13.49,4.39%,TRUE
Fuel Sensor,SLAVE DEVICE FAULT,,,TDG0470,,,,,
Li_Battery Sensor,SLAVE DEVICE FAULT,,,TDG0470,,,,,
