ACEM Sensor,OK,Battery run hours,270.27,TDG0688,Battery Meter (RH),269.9,0.37,0.14%,TRUE
DCEM Sensor,OK,DG 1 Energy,2036.7,TDG0688,DG (KWH),2032.4,4.3,0.21%,TRUE
GCU Sensor,SLAVE DEVICE FAULT,DG 1 Run Hour,471.25,TDG0688,DG Meter (RH),470.61,0.64,0.14%,TRUE
Solar Sensor,OK,Tenant-1 Energy,1811.7,TDG0688,DC Energy (KWH),1807.71,3.99,0.22%,TRUE
System Controller Sensor,OK,Grid Run Hour,0.05,TDG0688,CP Meter (RH),0.05,0,0.00%,TRUE
Fuel Sensor,OK,,,TDG0688,,,,,
Li_Battery Sensor,SLAVE DEVICE FAULT,,,TDG0688,,,,,
