ACEM Sensor,OK,Battery run hours,127.95,TDG0617,Battery Meter (RH),127.77,0.18,0.14%,TRUE
DCEM Sensor,OK,DG 1 Energy,2860.9,TDG0617,DG (KWH),2856.4,4.5,0.16%,TRUE
GCU Sensor,SLAVE DEVICE FAULT,DG 1 Run Hour,497.82,TDG0617,DG Meter (RH),497.07,0.75,0.15%,TRUE
Solar Sensor,OK,Tenant-1 Energy,3032.96,TDG0617,DC Energy (KWH),3028.04,4.92,0.16%,TRUE
System Controller Sensor,OK,Grid Run Hour,96.07,TDG0617,CP Meter (RH),95.87,0.2,0.21%,TRUE
Fuel Sensor,OK,,,TDG0617,,,,,
Li_Battery Sensor,SLAVE DEVICE FAULT,,,TDG0617,,,,,
